Class,Template Name,Image,Mask,Resolution
Vehicle Brand Logos,Toyota,images/bff6e8ab73261562f9f35b64834b8dd952fca149.png,masks/bff6e8ab73261562f9f35b64834b8dd952fca149_3aPYRdRHxKnp2DvTd.png,252x180
Vehicle Brand Logos,Mitsubishi,images/25a53e1ca6f61c4afa031d1cd9910588269090a3.png,masks/25a53e1ca6f61c4afa031d1cd9910588269090a3_tA2XzTN2JaEEAmzsd.png,212x192
Vehicle Brand Logos,Seat,images/8792a9b2aa799ca95dc80f260f3867a7be41bcfb.png,masks/8792a9b2aa799ca95dc80f260f3867a7be41bcfb_ckTvgi9KbfxQcZ9i5.png,138x125
Vehicle Brand Logos,Toyota,images/cc7d204b9879048ed01fe22f4b0621da1c60ee4c.png,masks/cc7d204b9879048ed01fe22f4b0621da1c60ee4c_Bh3crjaaheDnTRNB7.png,245x187
Vehicle Brand Logos,Suzuki,images/2943eb6b6d8612e3a89054ec9b7a157034c34240.png,masks/2943eb6b6d8612e3a89054ec9b7a157034c34240_otp8xtZnioMyWd6Yn.png,249x252
Vehicle Brand Logos,Opel,images/c0a04179d350e3ef6c94609857ce199ff8507ee1.png,masks/c0a04179d350e3ef6c94609857ce199ff8507ee1_6S4CWpibDevNis3jw.png,141x117
Vehicle Brand Logos,Honda 1,images/f1cb8b450a9dadecd25462b074a023ada90e0a90.png,masks/f1cb8b450a9dadecd25462b074a023ada90e0a90_tivm5LkM9h6iYGQN2.png,202x166
Vehicle Brand Logos,Toyota,images/d59526cd31c82c049aaed5709b2caff0cc057dae.png,masks/d59526cd31c82c049aaed5709b2caff0cc057dae_QDwD74JZMXz4WSozp.png,183x122
Vehicle Brand Logos,Opel,images/138b5aecddbf8674e10c670c56aa0b6dc9249987.png,masks/138b5aecddbf8674e10c670c56aa0b6dc9249987_EspXQKnGyb4WDZwi2.png,116x107
Vehicle Brand Logos,Toyota,images/766f116fb22ab136009b91bd74e0b692e08bfedb.png,masks/766f116fb22ab136009b91bd74e0b692e08bfedb_TgFdGKYGQsb7GTTmZ.png,257x177
Vehicle Brand Logos,Toyota,images/a75fc4333d4556491c088fe6904ddccdade6f707.png,masks/a75fc4333d4556491c088fe6904ddccdade6f707_F6BJoHMqrCtvN23es.png,375x257
Vehicle Brand Logos,Honda 1,images/57899a4e87589bce0773510e9c66e18cd193baf6.png,masks/57899a4e87589bce0773510e9c66e18cd193baf6_euDzf36kRonzLeGPW.png,193x159
Vehicle Brand Logos,Toyota,images/baa82c39fa15cbea337edb184a2612e55782460c.png,masks/baa82c39fa15cbea337edb184a2612e55782460c_QTwKrz53yAXGqYv9v.png,198x193
Vehicle Brand Logos,Opel,images/d0f02851eac6c7de8ae52d86c18762d7759ef85b.png,masks/d0f02851eac6c7de8ae52d86c18762d7759ef85b_CRB3AE3rMKjhrpLbu.png,152x133
Vehicle Brand Logos,Opel,images/a0a04cc4e648c1db80c65390779c745b32a2a4d7.png,masks/a0a04cc4e648c1db80c65390779c745b32a2a4d7_eLHnCCYSEWpcfNXTe.png,154x179
Vehicle Brand Logos,Seat,images/2a3d937744e783c9370f7b9c7c414b0a020564c3.png,masks/2a3d937744e783c9370f7b9c7c414b0a020564c3_FGficvybM7uGQijka.png,81x69
Vehicle Brand Logos,Honda 1,images/fe90f8f5f2bd4fe9a4c76d013312848933e084fd.png,masks/fe90f8f5f2bd4fe9a4c76d013312848933e084fd_9sKT4j2qJ6HCQSrQs.png,204x167
Vehicle Brand Logos,Toyota,images/79de47fbb9a49c8ed0289641cc3bacc96a30f26f.png,masks/79de47fbb9a49c8ed0289641cc3bacc96a30f26f_Pc7pmMjcFY7r3aspt.png,253x173
Vehicle Brand Logos,Toyota,images/083da5491f7513e38ea0599e3d90da622b0517a2.png,masks/083da5491f7513e38ea0599e3d90da622b0517a2_TF9MZzKm7WPYY5zpm.png,180x123
Vehicle Brand Logos,Toyota,images/15b44f84872f7ea871e7d79b1367069a3b5a58b5.png,masks/15b44f84872f7ea871e7d79b1367069a3b5a58b5_6AdoivsJRGcqJp3Lb.png,320x221
Vehicle Brand Logos,Seat,images/058d4355c95f8759abf012ace0828d2edc2e8077.png,masks/058d4355c95f8759abf012ace0828d2edc2e8077_7qTbFbgibCyjoYEkM.png,144x131
Vehicle Brand Logos,Mitsubishi,images/d182eb3bef6f3eb4397bdbd5105203a8d9b7d0b5.png,masks/d182eb3bef6f3eb4397bdbd5105203a8d9b7d0b5_8Y9bg5RqWr6CRiz5u.png,287x230
Vehicle Brand Logos,Opel,images/2545125a36226e59e36abe3281b915b0be11f8c9.png,masks/2545125a36226e59e36abe3281b915b0be11f8c9_8984hSrmLpegZMxWp.png,218x186
Vehicle Brand Logos,Toyota,images/7d29c9ef0acde769f8e7aad6e846e3407aee6a30.png,masks/7d29c9ef0acde769f8e7aad6e846e3407aee6a30_nyajA25iDeCYiiswY.png,226x177
Vehicle Brand Logos,Toyota,images/675beb571c956c1ac04342a6d65920148ce34636.png,masks/675beb571c956c1ac04342a6d65920148ce34636_RX6MYNRh3mwhrLWPW.png,217x185
Vehicle Brand Logos,Toyota,images/0c1d68b5abd501643a6ef2a04e93bff383edd467.png,masks/0c1d68b5abd501643a6ef2a04e93bff383edd467_gBBg8DZBiFuorowiD.png,169x112
Vehicle Brand Logos,Seat,images/52f68f40241f15c9507cbe56092ad2b69f13dac3.png,masks/52f68f40241f15c9507cbe56092ad2b69f13dac3_Ehe6E97cHeEL7Z7EA.png,105x116
Vehicle Brand Logos,Honda 1,images/0ad861298a7edfba20f0ebf5aa9f69c7b9953d7a.png,masks/0ad861298a7edfba20f0ebf5aa9f69c7b9953d7a_YNmyor9TSCSZaqLWK.png,267x214
Vehicle Brand Logos,Mitsubishi,images/f03913ab45805eda490a2cc780ebc94fbe683995.png,masks/f03913ab45805eda490a2cc780ebc94fbe683995_SzStnMBJ3u3QTqM9d.png,337x302
Vehicle Brand Logos,Seat,images/a809a246d8997e9acf3305e793df86b24f1bf13d.png,masks/a809a246d8997e9acf3305e793df86b24f1bf13d_rHfDQ2JBdRkQ5Wpv5.png,180x163
Vehicle Brand Logos,Mitsubishi,images/a0ab863588b237a2007bdaa9161560df73fe8bcb.png,masks/a0ab863588b237a2007bdaa9161560df73fe8bcb_LeKvBKbZjTCX6Jw3o.png,142x135
Vehicle Brand Logos,Mitsubishi,images/6f66424e5c5bc3f1b6df97abd274e3132f2223e1.png,masks/6f66424e5c5bc3f1b6df97abd274e3132f2223e1_HSCuXyfLzZjqecCfb.png,225x190
Vehicle Brand Logos,Renault,images/ece8b6d34a354021b7c2d1ac9e2639a49b51e358.png,masks/ece8b6d34a354021b7c2d1ac9e2639a49b51e358_g847Tke8upSPaJsfz.png,164x228
Vehicle Brand Logos,Mercedes 1,images/524e738929de84dc37ca668778225dd86df20d74.png,masks/524e738929de84dc37ca668778225dd86df20d74_QdDM43cszD6PLTf5B.png,130x188
Vehicle Brand Logos,Renault,images/ea85b8dcfc167712eed024abf1b6a658980721b3.png,masks/ea85b8dcfc167712eed024abf1b6a658980721b3_tSqPfoL82vFnaQGMa.png,121x169
Vehicle Brand Logos,Volkswagen,images/1e886e5be7bd5a7c1b4a1187dfea925a1fdeb859.png,masks/1e886e5be7bd5a7c1b4a1187dfea925a1fdeb859_5TLMsRCSkux5XjqoT.png,222x276
Vehicle Brand Logos,Toyota,images/71f41427c2213919942dcd1233c445934b452d29.png,masks/71f41427c2213919942dcd1233c445934b452d29_YBABNLzRxHobDGbF3.png,249x169
Vehicle Brand Logos,Opel,images/7a420f22da37fbf8b3862e7472867e7c40eb03dc.png,masks/7a420f22da37fbf8b3862e7472867e7c40eb03dc_bXT3xcC9FejGkNbE6.png,213x178
Vehicle Brand Logos,Toyota,images/063cf7ba8d1d89359c1ad73a77578edc76f67cf3.png,masks/063cf7ba8d1d89359c1ad73a77578edc76f67cf3_ur5rSE8nykGrJa5o7.png,204x183
Vehicle Brand Logos,Toyota,images/b8dda18975371a00afb16d4ebe08c6162b0cff35.png,masks/b8dda18975371a00afb16d4ebe08c6162b0cff35_DMMcf9XQeczZGfayH.png,309x211
Vehicle Brand Logos,Renault,images/98b4ae96b0dc0e0ec49740fddf5959d1a1325a05.png,masks/98b4ae96b0dc0e0ec49740fddf5959d1a1325a05_jeybSmKMMvjM9HWdy.png,198x243
Vehicle Brand Logos,Mercedes 1,images/0d3a4fd306a9adc05b1cd65bab40d37a026c5f06.png,masks/0d3a4fd306a9adc05b1cd65bab40d37a026c5f06_LfnbBk65dQs6wwid2.png,191x243
Vehicle Brand Logos,Mercedes 1,images/4b95ea03e578388a3aa6cf00c4de535d41931c2c.png,masks/4b95ea03e578388a3aa6cf00c4de535d41931c2c_emcPvMQmgsaMpLrQh.png,177x244
Vehicle Brand Logos,Honda 1,images/cc2bd9b0891d674bb119a7e490087fd32675df7a.png,masks/cc2bd9b0891d674bb119a7e490087fd32675df7a_AnbnhBitZMqe3gBwN.png,249x201
Vehicle Brand Logos,Volkswagen,images/257c4312e84900c1ce0ffed39b900de470773c17.png,masks/257c4312e84900c1ce0ffed39b900de470773c17_netEhq4uZZHbuX8Xc.png,146x167
Vehicle Brand Logos,Suzuki,images/a90d75f2942865c388f7b9cbea2bcf4dc1842f1f.png,masks/a90d75f2942865c388f7b9cbea2bcf4dc1842f1f_ddD2cdD77w3ow8aH7.png,207x210
Vehicle Brand Logos,Mitsubishi,images/e615727c35d5190df61f0265199aaf6a61a1ea46.png,masks/e615727c35d5190df61f0265199aaf6a61a1ea46_YYGLjoY9Ehmc5sd8s.png,173x147
Vehicle Brand Logos,Toyota,images/8f81b0822c175d2fbb0caf15ac8d5877ae48cce5.png,masks/8f81b0822c175d2fbb0caf15ac8d5877ae48cce5_AaZXYhv6cQYXMhkt5.png,235x159
Vehicle Brand Logos,Suzuki,images/f6311172b2b31d761f7a6b609baf8e55a81f2944.png,masks/f6311172b2b31d761f7a6b609baf8e55a81f2944_57GEqwG6RSeMsPLbD.png,223x230
Vehicle Brand Logos,Mitsubishi,images/3f25777dacc4ee579ac1d3062079e439bcd7c75e.png,masks/3f25777dacc4ee579ac1d3062079e439bcd7c75e_Be8gx6cTT3gc4nSgW.png,140x157
Vehicle Brand Logos,Renault,images/09b194f5042197490845f57bf331cbcebbfa853a.png,masks/09b194f5042197490845f57bf331cbcebbfa853a_Sx9oFrNMznoBKwkyi.png,138x130
Vehicle Brand Logos,Mercedes 1,images/fce353329c7300bca2abd470907c74ed42416149.png,masks/fce353329c7300bca2abd470907c74ed42416149_N2G5hGb3MuRj97PAm.png,366x337
Vehicle Brand Logos,Volkswagen,images/b7d1210be152b88cdd9ff0410de9ef2563a0cf33.png,masks/b7d1210be152b88cdd9ff0410de9ef2563a0cf33_dHEp6FHYG52vrMBJk.png,159x275
Vehicle Brand Logos,Mitsubishi,images/d35708c5ce8cbfa32b1707a4789f14fcc243e006.png,masks/d35708c5ce8cbfa32b1707a4789f14fcc243e006_9DjFpGb3LSAYn5kGK.png,147x139
Vehicle Brand Logos,Seat,images/a9184468e70fe71f81952dc3566b7c17d324d2ba.png,masks/a9184468e70fe71f81952dc3566b7c17d324d2ba_z3Mf5huYGiJKGzcgv.png,132x122
Vehicle Brand Logos,Renault,images/740447728f445c64baf7ef80a9b77916302c57ff.png,masks/740447728f445c64baf7ef80a9b77916302c57ff_KsbyKwpvnr7eXgP7M.png,241x380
Vehicle Brand Logos,Opel,images/79718db6df4805d88631ce6f79aa8cf2bb0de0c5.png,masks/79718db6df4805d88631ce6f79aa8cf2bb0de0c5_kLxoPCkXGnYBHWpg4.png,278x234
Vehicle Brand Logos,Volkswagen,images/1b135a19d91c7f134890764ca6ca8f1a0e67d775.png,masks/1b135a19d91c7f134890764ca6ca8f1a0e67d775_bWJKGHF2GNvPGmXSf.png,140x174
Vehicle Brand Logos,Volkswagen,images/97ab23d0ad457608689830d4b27b5542f334a517.png,masks/97ab23d0ad457608689830d4b27b5542f334a517_LhfgvXosJMGx7L58M.png,168x180
Vehicle Brand Logos,Volkswagen,images/2bddc0a2e23e4ef9f3c471a9de0ef452f07a33ab.png,masks/2bddc0a2e23e4ef9f3c471a9de0ef452f07a33ab_wXP987hrCG3LNL3bA.png,226x234
Vehicle Brand Logos,Mercedes 1,images/b5bd35d6a1b0aaa30ad7a29387228db21616e132.png,masks/b5bd35d6a1b0aaa30ad7a29387228db21616e132_BX3AbnuE7ju45GrQW.png,296x281
Vehicle Brand Logos,Volkswagen,images/8aff099f2a2fb041c6f8e6704b1ced0c37e00ba8.png,masks/8aff099f2a2fb041c6f8e6704b1ced0c37e00ba8_svjeyXMPpEEfAEnvZ.png,164x176
Vehicle Brand Logos,Opel,images/cf5f3b826eddb2793e4dded9f84c647ba06b4487.png,masks/cf5f3b826eddb2793e4dded9f84c647ba06b4487_QLYK4BaWyWCREF3rA.png,172x142
Vehicle Brand Logos,Opel,images/deb795b0dab69f06bb6af2ef6f6e1c166c69eaa3.png,masks/deb795b0dab69f06bb6af2ef6f6e1c166c69eaa3_FckLdH4aXgvLZkheW.png,155x142
Vehicle Brand Logos,Renault,images/8131c85dbca407deaee2e8477224714efb9fdbda.png,masks/8131c85dbca407deaee2e8477224714efb9fdbda_M7vXsTXJdtdHZAKhp.png,173x247
Vehicle Brand Logos,Volkswagen,images/3c5046b2e69cd2fd1cefe850f869d237d80732aa.png,masks/3c5046b2e69cd2fd1cefe850f869d237d80732aa_9NkTTAn2ocFjHTn9k.png,158x153
Vehicle Brand Logos,Volkswagen,images/cce701044fd8cd8649f8836c75df0c1940134474.png,masks/cce701044fd8cd8649f8836c75df0c1940134474_29Mc2L47wM3dcGNhi.png,304x318
Vehicle Brand Logos,Volkswagen,images/8caf4c090334aae98eeea2faec61feddc54a4abf.png,masks/8caf4c090334aae98eeea2faec61feddc54a4abf_QAYriiXzq5qNPygHN.png,239x230
Vehicle Brand Logos,Mercedes 1,images/3f0847687658918e24ac7da5e86b86503007a06d.png,masks/3f0847687658918e24ac7da5e86b86503007a06d_fbojDaQB8W9JNmw3m.png,215x230
Vehicle Brand Logos,Opel,images/0dbdc8b54531166cff95a0a9c9260e32eaf3592c.png,masks/0dbdc8b54531166cff95a0a9c9260e32eaf3592c_EZKbodN5pnyN88dfS.png,280x209
Vehicle Brand Logos,Volkswagen,images/f228749510db4599c45d74eb5efba97c3c8d37b1.png,masks/f228749510db4599c45d74eb5efba97c3c8d37b1_DqqR3wGRfjtvmZMko.png,141x155
Vehicle Brand Logos,Honda 1,images/6ddd9d11a36d77ba7b517f0a0abd76dc7af118e3.png,masks/6ddd9d11a36d77ba7b517f0a0abd76dc7af118e3_7byKFmosQHND5hr7o.png,311x278
Vehicle Brand Logos,Mitsubishi,images/0eed7cf39f52609e4a1b4198ac6460a0d7bfffe7.png,masks/0eed7cf39f52609e4a1b4198ac6460a0d7bfffe7_ehLwt64BuGB69cHme.png,144x127
Vehicle Brand Logos,Renault,images/2ce628f5eef5bfcc9f171ec8d742630ba40667c7.png,masks/2ce628f5eef5bfcc9f171ec8d742630ba40667c7_hncJKRz9HrHGp3Jud.png,255x317
Vehicle Brand Logos,Honda 1,images/8d24b9b0e503645cfd39e1673717e73a54d8c6fd.png,masks/8d24b9b0e503645cfd39e1673717e73a54d8c6fd_ANPP3QoxDRie4T2sR.png,203x165
Vehicle Brand Logos,Suzuki,images/75c8e9b63c7fa56eab71ae59011e50e7520fbc61.png,masks/75c8e9b63c7fa56eab71ae59011e50e7520fbc61_PxfECNP3QauBXfdcJ.png,355x351
Vehicle Brand Logos,Honda 1,images/88182ebf5bf82060caa93ed4e0ecfef736ffb87b.png,masks/88182ebf5bf82060caa93ed4e0ecfef736ffb87b_asHPBNXs6kR56AmiZ.png,197x213
Vehicle Brand Logos,Mercedes 1,images/bc3b3f91cb338c37c165806ffa603e41db710787.png,masks/bc3b3f91cb338c37c165806ffa603e41db710787_TNyeYwPkgWY4P5qQT.png,214x289
Vehicle Brand Logos,Volkswagen,images/438251b4a5c02f351d52f6fd56a75d65fe7926e9.png,masks/438251b4a5c02f351d52f6fd56a75d65fe7926e9_zxXLm4CLHeBWXPTY5.png,194x198
Vehicle Brand Logos,Mercedes 1,images/76b4c48676ad210ba61b6908387d2c64bf536af6.png,masks/76b4c48676ad210ba61b6908387d2c64bf536af6_rJ5hymcRuChcdu4YD.png,434x469
Vehicle Brand Logos,Renault,images/c5f64d0d60bc262bbd85886f28824f10599315f3.png,masks/c5f64d0d60bc262bbd85886f28824f10599315f3_Pccwo6zPbXvJELXNM.png,103x145
Vehicle Brand Logos,Volkswagen,images/8c9255c4c35d8b1d889d859b8f1a0836ca1d1c84.png,masks/8c9255c4c35d8b1d889d859b8f1a0836ca1d1c84_8jKsWCf3NBKdMrdRJ.png,117x170
Vehicle Brand Logos,Renault,images/234e2b93555e3634ded847bf3348614b3be1eca1.png,masks/234e2b93555e3634ded847bf3348614b3be1eca1_xTnjPsABtwSBe8Tw6.png,106x151
Vehicle Brand Logos,Renault,images/6013b808ca2e6075744fe0a7d86c47c3d1aaf0e5.png,masks/6013b808ca2e6075744fe0a7d86c47c3d1aaf0e5_RsbSwDpLh7TXCb6et.png,119x137
Vehicle Brand Logos,Volkswagen,images/14c998da3067885dd43072f7275f567b0d6b5396.png,masks/14c998da3067885dd43072f7275f567b0d6b5396_rJPpFCEfL6mdmfCqf.png,177x207
Vehicle Brand Logos,Mitsubishi,images/9016987ff4f0c115f38e31f8bd48a941ccc8c289.png,masks/9016987ff4f0c115f38e31f8bd48a941ccc8c289_tKrqZvBnWwGbD5T75.png,145x145
Vehicle Brand Logos,Mercedes 1,images/3f2dbaa96b86042e387f2400058371192ad5c750.png,masks/3f2dbaa96b86042e387f2400058371192ad5c750_SF2LJmTA6XhckvDX4.png,188x185
Vehicle Brand Logos,Volkswagen,images/fccb277df8a1f3bf3c25cb49a2f57d95683c26ce.png,masks/fccb277df8a1f3bf3c25cb49a2f57d95683c26ce_J34b7w4nkSAtFiRWk.png,222x218
Vehicle Brand Logos,Suzuki,images/194108293a2ecae68cc917dc0f16d24429de81c3.png,masks/194108293a2ecae68cc917dc0f16d24429de81c3_hkf9aF9fH2iPKgd6q.png,173x172
Vehicle Brand Logos,Renault,images/2f552d0a56613e943c68c2da8f4fc343a8f34f68.png,masks/2f552d0a56613e943c68c2da8f4fc343a8f34f68_yYMBe2QrrypmGkHRH.png,300x369
Vehicle Brand Logos,Honda 1,images/3bf5e793fdce27b0cc7fffae20f5856d614c0a1d.png,masks/3bf5e793fdce27b0cc7fffae20f5856d614c0a1d_dtLZEveYxrMCvWnTQ.png,185x152
Vehicle Brand Logos,Mercedes 1,images/42ec95fc3a21233850053715fbc56dc0201f19eb.png,masks/42ec95fc3a21233850053715fbc56dc0201f19eb_R2SBSP6eCh8ZF3MBr.png,316x328
Vehicle Brand Logos,Renault,images/cea0de0442ec080cdf5680bc7960bf89aebce2c8.png,masks/cea0de0442ec080cdf5680bc7960bf89aebce2c8_9Ly9EEuXr8d27ruY6.png,160x207
Vehicle Brand Logos,Mercedes 1,images/271c9260d3bbedbe17484cd7c9b4c402259aaee5.png,masks/271c9260d3bbedbe17484cd7c9b4c402259aaee5_KhvmKFGgd4nDBDMR3.png,190x270
Vehicle Brand Logos,Renault,images/edc6e1b89dc188b01e0a7ff5584feafba33b26a9.png,masks/edc6e1b89dc188b01e0a7ff5584feafba33b26a9_fjpXWEpT6wWeDMPYg.png,117x154
Vehicle Brand Logos,Renault,images/df638399e47c013a7f775e78d158678df87a5ef7.png,masks/df638399e47c013a7f775e78d158678df87a5ef7_JYY4N7WiSf34Z4255.png,182x257
Vehicle Brand Logos,Volkswagen,images/adc8795cae74e7573220c50e3c54e6f3f5311dfe.png,masks/adc8795cae74e7573220c50e3c54e6f3f5311dfe_f6dDodt3D7XRrCXzd.png,109x145
Vehicle Brand Logos,Suzuki,images/352201d5d674c02dbebee5e490f7b0eaf44e6151.png,masks/352201d5d674c02dbebee5e490f7b0eaf44e6151_vzBLD4GhxPgpTtXbQ.png,149x144
Vehicle Brand Logos,Opel,images/adfa0cb0099e7b23e7af5313e645ffe3d2fd7eef.png,masks/adfa0cb0099e7b23e7af5313e645ffe3d2fd7eef_vu2mCoTcYWkgt3xse.png,333x277
Vehicle Brand Logos,Renault,images/b7f7396c570db92037e9a2ebe9ebe6bcb2cad138.png,masks/b7f7396c570db92037e9a2ebe9ebe6bcb2cad138_LpCMtqHFZyxXmXdNG.png,115x138
Vehicle Brand Logos,Mercedes 1,images/a7bfd9d68f6eb1b7f510bf322f7cfd34de30d239.png,masks/a7bfd9d68f6eb1b7f510bf322f7cfd34de30d239_pmArYJn5aa2g7EiZk.png,339x381
Vehicle Brand Logos,Mercedes 1,images/d911050f8073ac73b0b0766b7d0aa233d5b7ca62.png,masks/d911050f8073ac73b0b0766b7d0aa233d5b7ca62_3qhkWWq83bXdvxZJv.png,432x448
Vehicle Brand Logos,Mercedes 1,images/57c1f37a3bb19da0a5611213c5bb897ff904b13b.png,masks/57c1f37a3bb19da0a5611213c5bb897ff904b13b_kAJ6giYZhT7mds6Rt.png,351x352
Vehicle Brand Logos,Renault,images/b0ba5e7d6aa329e46711e32752c68a827365046f.png,masks/b0ba5e7d6aa329e46711e32752c68a827365046f_9AzTyZk5FHoZzrMxo.png,263x352
Vehicle Brand Logos,Mercedes 1,images/ba24c9ef4c38bc1c9c4d2aa454ac1d1b13de117b.png,masks/ba24c9ef4c38bc1c9c4d2aa454ac1d1b13de117b_aCTuNkhpTZoagFiAS.png,275x316
Vehicle Brand Logos,Subaru,images/8c438362a0c1f653f1237fb0c9f3d8317a650777.png,masks/8c438362a0c1f653f1237fb0c9f3d8317a650777_pSh6P7e3vcDKfZiAc.png,222x119
Vehicle Brand Logos,Opel,images/3f6bd8a8a56565d15de6fbbdb64f9d8143cbd43c.png,masks/3f6bd8a8a56565d15de6fbbdb64f9d8143cbd43c_3rznSNayAqLCBQA8r.png,221x168
Vehicle Brand Logos,Opel,images/82c7009e8b410592739bc4019006f5fc807888ce.png,masks/82c7009e8b410592739bc4019006f5fc807888ce_fdpYhQAh9w3uDynXM.png,169x142
Vehicle Brand Logos,Opel,images/815845a2884ccea2a7534f175c020636765b0c60.png,masks/815845a2884ccea2a7534f175c020636765b0c60_Jo6miFMsXYHTczMhu.png,284x222
Vehicle Brand Logos,Opel,images/a4beaf367f20c644e1fdeed2c3604059875b4f17.png,masks/a4beaf367f20c644e1fdeed2c3604059875b4f17_cjZALySKQXaj2tJfi.png,232x202
Vehicle Brand Logos,Opel,images/4592fbb1255b6a82a9f1ed3ef052ef98ff6614d3.png,masks/4592fbb1255b6a82a9f1ed3ef052ef98ff6614d3_Do2M3A2g4CKZZm8qN.png,265x228
Vehicle Brand Logos,Mercedes 1,images/ce15e4546c862223ee3fb8d2897e249225de0028.png,masks/ce15e4546c862223ee3fb8d2897e249225de0028_pjth822v6mqoywpZE.png,435x460
Vehicle Brand Logos,Honda 1,images/b8950f7269fddca4dfecedc6ae6a659b2a315086.png,masks/b8950f7269fddca4dfecedc6ae6a659b2a315086_ENC8LTaA4bye9TKQk.png,216x231
Vehicle Brand Logos,Seat,images/7884ae25e211c66b2031306d755dc8a54adde401.png,masks/7884ae25e211c66b2031306d755dc8a54adde401_7MZBkavyPeoSrXaNJ.png,131x117
Vehicle Brand Logos,Mitsubishi,images/153c71127cdb974426f234ef97e930826c7d9035.png,masks/153c71127cdb974426f234ef97e930826c7d9035_pFmPDkifw777vmYw8.png,238x213
Vehicle Brand Logos,Suzuki,images/f9c6be7059e2b29c6912eee5817dc286b692c195.png,masks/f9c6be7059e2b29c6912eee5817dc286b692c195_dFxtsY5h8RJyevKhu.png,171x170
Vehicle Brand Logos,Subaru,images/ed2a7a2abb9a14d5263461a7917de45dd98f4151.png,masks/ed2a7a2abb9a14d5263461a7917de45dd98f4151_mG4k4NykFcvz4pWy8.png,377x186
Vehicle Brand Logos,Suzuki,images/e2af103ceeda2e683bf26a8406305ad9e4dd9e39.png,masks/e2af103ceeda2e683bf26a8406305ad9e4dd9e39_PPncD33HE2L5SWxji.png,167x226
Vehicle Brand Logos,Mitsubishi,images/7c8f2f9323968680b5564a75234d211d860a6e4d.png,masks/7c8f2f9323968680b5564a75234d211d860a6e4d_czMBFtC4o3Db6T2En.png,201x186
Vehicle Brand Logos,Honda 1,images/61bb517a80424b554dc3ea0c8026e9519959582b.png,masks/61bb517a80424b554dc3ea0c8026e9519959582b_bDCCdoG8XuEPZ2W9R.png,221x195
Vehicle Brand Logos,Seat,images/85f1868569998bde76728fc86c0b16e33541d17a.png,masks/85f1868569998bde76728fc86c0b16e33541d17a_f6TfryQZwSKuhbvRs.png,183x178
Vehicle Brand Logos,Suzuki,images/a3812427f912e136c0b3be5186107aacb1924395.png,masks/a3812427f912e136c0b3be5186107aacb1924395_fHdSg5axwzMpekM28.png,155x177
Vehicle Brand Logos,Suzuki,images/d9a98c6de8c4012a645ecd0e4b397b420de62cc5.png,masks/d9a98c6de8c4012a645ecd0e4b397b420de62cc5_2FZ4SSXu78MgSXzNv.png,196x194
Vehicle Brand Logos,Honda 1,images/09e2a4ae6509b5fb3d732c05255770b7b5be5520.png,masks/09e2a4ae6509b5fb3d732c05255770b7b5be5520_RjkR3MH2Je3niL5jq.png,148x160
Vehicle Brand Logos,Suzuki,images/4d09ecdce7009bfe71f42f5455453e17c78cf34e.png,masks/4d09ecdce7009bfe71f42f5455453e17c78cf34e_z84kAPZBpGWELWq4Z.png,118x110
Vehicle Brand Logos,Honda 1,images/8ad1b419851101137072d52d2af658fdb24f39b2.png,masks/8ad1b419851101137072d52d2af658fdb24f39b2_qbdKidAjtoz2tqSQX.png,167x159
Vehicle Brand Logos,Honda 1,images/fd8626cabdb3e17f1de36a676ef9e74d65bb8ca8.png,masks/fd8626cabdb3e17f1de36a676ef9e74d65bb8ca8_PJro8bDcFvdwf5cMA.png,253x273
Vehicle Brand Logos,Suzuki,images/1205998a1d19f34dca3913d0c4e2e69d991b9934.png,masks/1205998a1d19f34dca3913d0c4e2e69d991b9934_GC4HZ7PBBPiJrCjFb.png,167x163
Vehicle Brand Logos,Honda 1,images/591173fdc35a34cc9b96e7800da18e6ecf224969.png,masks/591173fdc35a34cc9b96e7800da18e6ecf224969_XJMjDrnfM8kinEXS9.png,141x124
Vehicle Brand Logos,Suzuki,images/f7dff73f67d9e19725cd6a7a7446dcaaa06539e7.png,masks/f7dff73f67d9e19725cd6a7a7446dcaaa06539e7_rZebA26iivTwbvKW8.png,254x248
Vehicle Brand Logos,Honda 1,images/9fd93284be854cc5a580bf2d423057518e52ef9d.png,masks/9fd93284be854cc5a580bf2d423057518e52ef9d_mn8rYu6LiBfPDfqpz.png,187x172
Vehicle Brand Logos,Subaru,images/6f0a455a2aa2c0fafc81e0ee6c32bf6be0cc6d8b.png,masks/6f0a455a2aa2c0fafc81e0ee6c32bf6be0cc6d8b_vpFxrNaAYPtwisofE.png,287x149
Vehicle Brand Logos,Suzuki,images/7f474b160099ad1faf0827ffaad7841f46da7700.png,masks/7f474b160099ad1faf0827ffaad7841f46da7700_XMbTEh8QY5aWxhpEN.png,95x99
Vehicle Brand Logos,Seat,images/d154b57046db0b1d22bbb6ae33e8258b7b2de1a8.png,masks/d154b57046db0b1d22bbb6ae33e8258b7b2de1a8_2M6DwNdG7m4hgbDKu.png,142x139
Vehicle Brand Logos,Suzuki,images/924b128319c67232a6666067e5988cdb350db7e1.png,masks/924b128319c67232a6666067e5988cdb350db7e1_NzTy5ei8WuzPXQzu3.png,214x213
Vehicle Brand Logos,Mitsubishi,images/b0129b7baaa6c58fd9d69e71cdb245bec4b9a409.png,masks/b0129b7baaa6c58fd9d69e71cdb245bec4b9a409_AYpvWeBEEA7EJeTx6.png,246x211
Vehicle Brand Logos,Mitsubishi,images/7a1cbdaef80d3e7aa5eedd3d5dcdd7bb5e84eb46.png,masks/7a1cbdaef80d3e7aa5eedd3d5dcdd7bb5e84eb46_xmveoeTA9gLifxSKq.png,198x197
Vehicle Brand Logos,Suzuki,images/4e5a0a5029ab365fb7824cdea35addce05554016.png,masks/4e5a0a5029ab365fb7824cdea35addce05554016_BRWNYrvEgFw7kotXZ.png,158x170
Vehicle Brand Logos,Seat,images/7d78497978da638e99b1ba87badfccf854efb1e3.png,masks/7d78497978da638e99b1ba87badfccf854efb1e3_CrwWrMzKWkPpiSaT4.png,120x100
Vehicle Brand Logos,Subaru,images/0e569fb81d2082fa21c7ec4088c23f7338989d59.png,masks/0e569fb81d2082fa21c7ec4088c23f7338989d59_DLG5K9RwEctXYm7eu.png,281x143
Vehicle Brand Logos,Subaru,images/d911d92ed4f5da2f5c78e725fb9269a62c23a530.png,masks/d911d92ed4f5da2f5c78e725fb9269a62c23a530_ykWHkncSv3A57LW8H.png,294x190
Vehicle Brand Logos,Mitsubishi,images/863d42a27f8ac69cf82f9e0690ea6c7dcdfb9727.png,masks/863d42a27f8ac69cf82f9e0690ea6c7dcdfb9727_z5dAidtTwJYxqC8nW.png,200x201
Vehicle Brand Logos,Mitsubishi,images/dddab835b1d834ee8eeb97a7bb9f858025060e04.png,masks/dddab835b1d834ee8eeb97a7bb9f858025060e04_G68pXz2N3Aih6gP6p.png,175x158
Vehicle Brand Logos,Subaru,images/04f7fc9c550faf52966ec277f9768e404f9205f8.png,masks/04f7fc9c550faf52966ec277f9768e404f9205f8_WN5eXy3TERXbHQGXZ.png,276x147
Vehicle Brand Logos,Subaru,images/c42103ff824ba32edb1a3607556197057134153a.png,masks/c42103ff824ba32edb1a3607556197057134153a_RETu6F2rJKiRQ6xh8.png,348x178
Vehicle Brand Logos,Seat,images/ba77e8d653da210a941de7300af7a8bf6fa8bee1.png,masks/ba77e8d653da210a941de7300af7a8bf6fa8bee1_TiP6Fq4uAKjG47m5y.png,103x114
Vehicle Brand Logos,Subaru,images/3bea5846e59c55ead26163fa0953072dac1e3952.png,masks/3bea5846e59c55ead26163fa0953072dac1e3952_ZKjHAkFrvK9iwYADz.png,255x136
Vehicle Brand Logos,Seat,images/0a85efaf7d7debcbd841cf50e0034cb26dd92dd1.png,masks/0a85efaf7d7debcbd841cf50e0034cb26dd92dd1_wWuwbcYHWnymYzEJ8.png,132x140
Vehicle Brand Logos,Seat,images/7768d6c4e640f709db2382f6dfdeb472925c9770.png,masks/7768d6c4e640f709db2382f6dfdeb472925c9770_77r6w3fao2aJ9mGZB.png,139x134
Vehicle Brand Logos,Seat,images/1be471c54fe201916731eab9963dce31b3b14931.png,masks/1be471c54fe201916731eab9963dce31b3b14931_okmTJZabTf2JxRzjs.png,209x182
Vehicle Brand Logos,Seat,images/5745b0f249edd2d755dba0bcff7941707a6895f0.png,masks/5745b0f249edd2d755dba0bcff7941707a6895f0_bRBcEagRXMNZJivzv.png,130x166
Vehicle Brand Logos,Seat,images/4cf7835a7500f9afd6edcecdd1e397b637112258.png,masks/4cf7835a7500f9afd6edcecdd1e397b637112258_hu6ubRxGBQPSFCQGw.png,154x156
Vehicle Brand Logos,Subaru,images/fe32e7302b02f6bbfc586123b46d90dbcebf53a8.png,masks/fe32e7302b02f6bbfc586123b46d90dbcebf53a8_4ujC8iS5cSNCpYwCH.png,326x169
Vehicle Brand Logos,Subaru,images/4410387d8c368ad097e0967aeacb80478d19d978.png,masks/4410387d8c368ad097e0967aeacb80478d19d978_s4XwS3g7KQhMRA3be.png,283x140
Vehicle Brand Logos,Subaru,images/ec77f01986bddaa1c2224463dd24da93067ebaca.png,masks/ec77f01986bddaa1c2224463dd24da93067ebaca_PmGMtCrfewPRpJ9hg.png,188x112
Vehicle Brand Logos,Subaru,images/5d82da148cebfcaee8227654c12a20befed00075.png,masks/5d82da148cebfcaee8227654c12a20befed00075_BwsjfauHmD8Zs8Wyw.png,153x95
Vehicle Brand Logos,Subaru,images/68a6c155ee6e8ea96b939041f7dd82f864980d98.png,masks/68a6c155ee6e8ea96b939041f7dd82f864980d98_vQYFGTpmdRbpQrDJM.png,280x153
Vehicle Brand Logos,Subaru,images/1eaf0102482fc2299d5f2f5521d6d66569953781.png,masks/1eaf0102482fc2299d5f2f5521d6d66569953781_cpfFAr4e6FZtrrCTs.png,219x124
Vehicle Brand Logos,Subaru,images/624a5aa8e9d9d1289b258ef1b6ffd4b22687befe.png,masks/624a5aa8e9d9d1289b258ef1b6ffd4b22687befe_XZ8AXqGEgZzh5cToJ.png,247x136
Vehicle Brand Logos,Dacia 1,images/19edcaff87bdc47bc39fa011c2f81bd453bf4a84.png,masks/19edcaff87bdc47bc39fa011c2f81bd453bf4a84_H383QDCnKoQYMxSrn.png,265x240
Vehicle Brand Logos,Subaru,images/24bb9d637e49c1a86528a7364d26909f1dc840be.png,masks/24bb9d637e49c1a86528a7364d26909f1dc840be_8DEy7wLsuiPajMxb9.png,252x128
Vehicle Brand Logos,Dacia 1,images/f9fdf7a0e4b8817bfdc4ae6a7b49c39def77a435.png,masks/f9fdf7a0e4b8817bfdc4ae6a7b49c39def77a435_4sSrm3jZ8ZHPWihwg.png,278x244
Vehicle Brand Logos,Dacia 1,images/cee9fb6c488d5edba36a72395f237cd00881b6a9.png,masks/cee9fb6c488d5edba36a72395f237cd00881b6a9_PEbkG3bbyT4MMn4an.png,221x237
Vehicle Brand Logos,Citroen,images/059225f4f55084d7f34dd73e7526c505d214f082.png,masks/059225f4f55084d7f34dd73e7526c505d214f082_Yawpg7Rz7BcjPa84n.png,226x197
Vehicle Brand Logos,Citroen,images/66efc169b80e76147c10e2f71bfb4277d49fad08.png,masks/66efc169b80e76147c10e2f71bfb4277d49fad08_tq85YXchTZLFy7F6H.png,88x74
Vehicle Brand Logos,Citroen,images/9e2e54a98ffc5820c8a90a88327d44bf6dfdf29a.png,masks/9e2e54a98ffc5820c8a90a88327d44bf6dfdf29a_5p7WsM4Cs8d4K6uZY.png,140x146
Vehicle Brand Logos,Citroen,images/37c507d075a6502e26a259bfdead700cd055a6e8.png,masks/37c507d075a6502e26a259bfdead700cd055a6e8_HhihMCmrdAirZadZR.png,112x88
Vehicle Brand Logos,Citroen,images/3b8882338ff6391c0c62bf69f004e884212b9a36.png,masks/3b8882338ff6391c0c62bf69f004e884212b9a36_KYnqiEnff3TnR6yaB.png,116x118
Vehicle Brand Logos,Citroen,images/e8e1cfd0673fd5ea13348910d17074a12c844666.png,masks/e8e1cfd0673fd5ea13348910d17074a12c844666_frjFzJ6kzkWH45MmD.png,121x100
Vehicle Brand Logos,Citroen,images/baddcbb94ff2e230a7f84e69728e0e02ae366d9e.png,masks/baddcbb94ff2e230a7f84e69728e0e02ae366d9e_AdmQqgaQvNHzHNokg.png,155x124
Vehicle Brand Logos,Dacia 1,images/66478b8da25785cfcfac5b51487587f4bd95186b.png,masks/66478b8da25785cfcfac5b51487587f4bd95186b_smmYEFvpSPRrNHnte.png,170x180
Vehicle Brand Logos,Dacia 1,images/d28ad892f826eed2c09820897a73af6ff8c6188b.png,masks/d28ad892f826eed2c09820897a73af6ff8c6188b_nHtrnDFkBQWyD93hH.png,347x306
Vehicle Brand Logos,Dacia 1,images/b21cf75d00f3cc13bfee9a604203b2934fdbea88.png,masks/b21cf75d00f3cc13bfee9a604203b2934fdbea88_GrEfvCe9QwE5p7GAp.png,196x215
Vehicle Brand Logos,Dacia 1,images/a4ead061f604eb8b6c90ae7e2e874931881fad18.png,masks/a4ead061f604eb8b6c90ae7e2e874931881fad18_EBCcPA3o3dFciC42H.png,203x231
Vehicle Brand Logos,Citroen,images/300d8dac53602ab3d474072d8c69c2a8bffe39bb.png,masks/300d8dac53602ab3d474072d8c69c2a8bffe39bb_keQC5Svidnj3iE6mR.png,116x118
Vehicle Brand Logos,Citroen,images/f3bc73e6c4f04621b0df48232ebca2d8292d6a6d.png,masks/f3bc73e6c4f04621b0df48232ebca2d8292d6a6d_7rs8JS6ceAD3puNZG.png,298x262
Vehicle Brand Logos,Dacia 1,images/51b438ad8cfd99daeb558913112dda71d25c1d31.png,masks/51b438ad8cfd99daeb558913112dda71d25c1d31_ieBiqvteAD5ZCh24Y.png,120x119
Vehicle Brand Logos,Dacia 1,images/41f70e319e9825fcc9ab0d534506f64a01a73d06.png,masks/41f70e319e9825fcc9ab0d534506f64a01a73d06_u7Pm3kcnP7JgCFnQ3.png,199x203
Vehicle Brand Logos,Citroen,images/b683614535b52e612ace55deaa10668bda1117c5.png,masks/b683614535b52e612ace55deaa10668bda1117c5_MR2g85AEgtgz5PoeN.png,110x107
Vehicle Brand Logos,Dacia 1,images/ca7cb1d2b82a3e7c6cde93c258d3401d146eb4b8.png,masks/ca7cb1d2b82a3e7c6cde93c258d3401d146eb4b8_quENseA3SLGWroxfT.png,201x195
Vehicle Brand Logos,Citroen,images/67a671c44a1806f217c0e5d7c63546d6716daf65.png,masks/67a671c44a1806f217c0e5d7c63546d6716daf65_ZR7AmszkFb8hCLS6e.png,477x402
Vehicle Brand Logos,Dacia 1,images/2958b3cfa7a3557538349978267dca1fdb56679f.png,masks/2958b3cfa7a3557538349978267dca1fdb56679f_vpcnsXZrCsioZeu5S.png,171x181
Vehicle Brand Logos,Dacia 1,images/1bc6b3fd42677c4ec8140d64375feefc6ae93743.png,masks/1bc6b3fd42677c4ec8140d64375feefc6ae93743_y9KZRbBfbroZGaiv7.png,292x259
Vehicle Brand Logos,Dacia 1,images/80f68477a90f6e1618928ce41cd9e03de324f186.png,masks/80f68477a90f6e1618928ce41cd9e03de324f186_7LJpahxsLgfaJjucL.png,225x211
Vehicle Brand Logos,Citroen,images/32c329b387bd425540d045705c01c61fcc0d5d90.png,masks/32c329b387bd425540d045705c01c61fcc0d5d90_YHuoTbpptHHQg7jWs.png,158x129
Vehicle Brand Logos,Citroen,images/53425b1ea67607e2b8829e982cc0e871c563fad4.png,masks/53425b1ea67607e2b8829e982cc0e871c563fad4_wBG2T9Tm6my8YPeRY.png,312x293
Vehicle Brand Logos,Citroen,images/99a89aad525710808a264034b8e93d5d4e9c9d98.png,masks/99a89aad525710808a264034b8e93d5d4e9c9d98_2yC2i5EqLXmimLRvX.png,105x87
Vehicle Brand Logos,Citroen,images/f927f35a2885ece2e0f4b04a364d667fb1cffe27.png,masks/f927f35a2885ece2e0f4b04a364d667fb1cffe27_kNjKvQNAdQ9NgGdb3.png,128x133
Vehicle Brand Logos,Dacia 1,images/fe77513e0b780c442dc06cabe1994a3f7911f679.png,masks/fe77513e0b780c442dc06cabe1994a3f7911f679_HZo5qAYPaEw8wTgT4.png,153x167
Vehicle Brand Logos,Dacia 1,images/2f1d24d9dcddc7201ad9314999282a09ce905437.png,masks/2f1d24d9dcddc7201ad9314999282a09ce905437_5SuTeqrK8fgimXPfJ.png,124x114
Vehicle Brand Logos,Citroen,images/9a88c4b0a5ba034a0c9f5bb40e1fbb89d8a7d4d2.png,masks/9a88c4b0a5ba034a0c9f5bb40e1fbb89d8a7d4d2_mSK9TuxifJLJSgYNm.png,106x127
Vehicle Brand Logos,Dacia 1,images/08cc4363934a895f837fd550755accb847feeada.png,masks/08cc4363934a895f837fd550755accb847feeada_RDYDFgTEGQA5SLs2E.png,234x219
Vehicle Brand Logos,Land Rover,images/321c66afd28f0682551a06212a24a2c537e1ca23.png,masks/321c66afd28f0682551a06212a24a2c537e1ca23_Rm9vfac58SaMFecBz.png,311x279
Vehicle Brand Logos,Tesla,images/923fcfe8376fff4955702bf1ff0a6ee5ae4dfed0.png,masks/923fcfe8376fff4955702bf1ff0a6ee5ae4dfed0_uMm9XPqkwePyWtGHn.png,92x118
Vehicle Brand Logos,Mazda,images/50a6ca46c8292f9cc2dfbd8635a4c912361cff91.png,masks/50a6ca46c8292f9cc2dfbd8635a4c912361cff91_u6NpmupSny5SQAn58.png,248x198
Vehicle Brand Logos,Nissan,images/3fcb97a322a3e151d2e9d11d3a838de1877ff4c7.png,masks/3fcb97a322a3e151d2e9d11d3a838de1877ff4c7_2Z8mFiDXTDno6FsZH.png,128x126
Vehicle Brand Logos,Hyundai,images/6b55e00eb82e9c96d6ee17fbbf69d572c0b4a9bc.png,masks/6b55e00eb82e9c96d6ee17fbbf69d572c0b4a9bc_iRDHTuNaE6Ji7zuB2.png,209x132
Vehicle Brand Logos,Lancia 1,images/94a351e374b9b1c6fab74fd45209684262bf2230.png,masks/94a351e374b9b1c6fab74fd45209684262bf2230_yJrswNmqFEEdHriLN.png,107x116
Vehicle Brand Logos,Skoda 1,images/e43f10a0003a9660d82339ba60871aa5387cadc0.png,masks/e43f10a0003a9660d82339ba60871aa5387cadc0_mSW4mwv3bWroRwk6b.png,95x89
Vehicle Brand Logos,Chevrolet 2,images/536d0e7bc52130ebbbf37b63ac3d3937445fb25f.png,masks/536d0e7bc52130ebbbf37b63ac3d3937445fb25f_nvMQkxpbezZjZri8v.png,285x93
Vehicle Brand Logos,Mazda,images/5cfd07c1fd611f15b215e6a720e81a42b4cbf6a0.png,masks/5cfd07c1fd611f15b215e6a720e81a42b4cbf6a0_qeoTom6Fxfmk5B4wu.png,213x189
Vehicle Brand Logos,Mazda,images/44c12b18c458f1cb612fee129c34331585944732.png,masks/44c12b18c458f1cb612fee129c34331585944732_NMD96tpe5AyBRYKNG.png,212x170
Vehicle Brand Logos,Porsche,images/d56c42cec1a377fb350accc6b816f7089c83749b.png,masks/d56c42cec1a377fb350accc6b816f7089c83749b_gyeTqr67KRLAzvY5d.png,118x121
Vehicle Brand Logos,Chevrolet 2,images/26322ba6c8a64afe2a7e001c7d92badf273d0e66.png,masks/26322ba6c8a64afe2a7e001c7d92badf273d0e66_kY4BXwhb8d6jf3xKi.png,257x105
Vehicle Brand Logos,Tesla,images/f6503ac18dfa1f8a164c20d5fb057c6d02e73b0d.png,masks/f6503ac18dfa1f8a164c20d5fb057c6d02e73b0d_79B7Wh49jxWdNx2Jp.png,99x146
Vehicle Brand Logos,Peugeot,images/fc85e982ce8ab25765c2c1616287fc5e8a9ba53c.png,masks/fc85e982ce8ab25765c2c1616287fc5e8a9ba53c_qNezQ3ZmkpMPDd2zo.png,99x109
Vehicle Brand Logos,Mazda,images/56eadde1f8b98660b5bdfed14131a5ea1f3426c6.png,masks/56eadde1f8b98660b5bdfed14131a5ea1f3426c6_ij22LbbrpQZu48tGj.png,200x167
Vehicle Brand Logos,Nissan,images/f26ea1729529b8b722e273de7406d20d5dc5f2b7.png,masks/f26ea1729529b8b722e273de7406d20d5dc5f2b7_ZbFGgrh9ojPrtNWKT.png,198x188
Vehicle Brand Logos,Hyundai,images/d4ef50f3f056f02bc2b795f54f5cda423961e547.png,masks/d4ef50f3f056f02bc2b795f54f5cda423961e547_HhE8ietyFY7ymnRqi.png,280x142
Vehicle Brand Logos,Mazda,images/2f1a1c4d8e289fbb318ad83af7f013a3b61f1207.png,masks/2f1a1c4d8e289fbb318ad83af7f013a3b61f1207_maDBBYvqN6XBpPdoR.png,207x193
Vehicle Brand Logos,Nissan,images/c3ab2d29d3855167503308cf7cd76f2dbaed409a.png,masks/c3ab2d29d3855167503308cf7cd76f2dbaed409a_94WdKSQGNsxXbkRcA.png,280x242
Vehicle Brand Logos,Jeep,images/1997e2190c6a712b24bededcd5a10aa03031d889.png,masks/1997e2190c6a712b24bededcd5a10aa03031d889_dwyWY5Dc27oSDWEdh.png,243x85
Vehicle Brand Logos,Mazda,images/7f3355c106427a874429992293370c4c661ba107.png,masks/7f3355c106427a874429992293370c4c661ba107_fKYiqaJcsQdqW4dst.png,321x249
Vehicle Brand Logos,Hyundai,images/eacfb1e71cded223c640659f1eb32f9a42007d1d.png,masks/eacfb1e71cded223c640659f1eb32f9a42007d1d_B85P4XPKJXPFr8wxw.png,172x98
Vehicle Brand Logos,Nissan,images/002e70cf7f2254d740481d240cfde71baf2aa28e.png,masks/002e70cf7f2254d740481d240cfde71baf2aa28e_jiQkZEonCXWsTjAxx.png,123x172
Vehicle Brand Logos,Mazda,images/3b4c2565bbd0f53fbfceb4461e7da2c865d86a6c.png,masks/3b4c2565bbd0f53fbfceb4461e7da2c865d86a6c_qzt964siekPHH6uPT.png,351x284
Vehicle Brand Logos,Tesla,images/fcd1e083ca3a4c39a37c561b36d9867e470dfdb9.png,masks/fcd1e083ca3a4c39a37c561b36d9867e470dfdb9_KrWmK5CPDHeHFSoZ6.png,297x263
Vehicle Brand Logos,Mini,images/9c6dbdf3ab46385b6c5b3e2953c6b6234a6a4b0d.png,masks/9c6dbdf3ab46385b6c5b3e2953c6b6234a6a4b0d_YcyKbBEHvoXFWDNGT.png,214x93
Vehicle Brand Logos,Nissan,images/16ab74626d2853e3537ccf77c3c5070c26056ce0.png,masks/16ab74626d2853e3537ccf77c3c5070c26056ce0_AuDHv9EKSumyyhmN7.png,242x206
Vehicle Brand Logos,Kia 1,images/86f776b296d30a2dd542c7b4dc54c0f1b2f38891.png,masks/86f776b296d30a2dd542c7b4dc54c0f1b2f38891_nJq8zLvSAKbAyB4rW.png,240x116
Vehicle Brand Logos,Mazda,images/4ee03bcbd2cc34e16d7b8bef9386c1b5dae46626.png,masks/4ee03bcbd2cc34e16d7b8bef9386c1b5dae46626_NdoBiMdPTbog6vKce.png,241x202
Vehicle Brand Logos,Tesla,images/55d37811059a178aabf0054ca119413fcdcceaa5.png,masks/55d37811059a178aabf0054ca119413fcdcceaa5_JyEYQWAhLYbxtpmff.png,110x114
Vehicle Brand Logos,Nissan,images/8cd12075c05881a7ebf89ba0f5a2799d65ad4a53.png,masks/8cd12075c05881a7ebf89ba0f5a2799d65ad4a53_y2YDCa3TbZNAyznGo.png,230x205
Vehicle Brand Logos,Jeep,images/86ef5944b0258bc209b168666fa8c0d9d783820d.png,masks/86ef5944b0258bc209b168666fa8c0d9d783820d_7jqQCbzgpEAwq8QtA.png,249x96
Vehicle Brand Logos,Jeep,images/f23391069f8916a46f3ee676ef9f64d6f0be0d3b.png,masks/f23391069f8916a46f3ee676ef9f64d6f0be0d3b_QjwdGvZ3kDvHwtteA.png,237x109
Vehicle Brand Logos,Jeep,images/41c09ee7a370bb77ff9ba8a4c87c1129dbf0bbf6.png,masks/41c09ee7a370bb77ff9ba8a4c87c1129dbf0bbf6_mESciKdkeK6cX3bLk.png,211x95
Vehicle Brand Logos,Nissan,images/791e316b70cb3cf7de60c11a01066bfe0d4c0368.png,masks/791e316b70cb3cf7de60c11a01066bfe0d4c0368_DFMWMw8NXngJK7Dnq.png,239x203
Vehicle Brand Logos,Nissan,images/ed47c81433b6c7a3b439f8c3d06f13f81c538d86.png,masks/ed47c81433b6c7a3b439f8c3d06f13f81c538d86_t2bowuxzHK5tinycX.png,136x134
Vehicle Brand Logos,Mazda,images/4b6aa540a078e1eee35a61bb0fd27dddd6e98206.png,masks/4b6aa540a078e1eee35a61bb0fd27dddd6e98206_FTD2v7ZS6Be4yjfem.png,409x288
Vehicle Brand Logos,Lexus,images/c7b370fcaa0bcc3765d7893fd117d50a59871c7b.png,masks/c7b370fcaa0bcc3765d7893fd117d50a59871c7b_rcqxNpngfRRTnymdb.png,168x130
Vehicle Brand Logos,Nissan,images/3de0b466b082719d9e1ffaf542f3955f1508906e.png,masks/3de0b466b082719d9e1ffaf542f3955f1508906e_qmEf7piseoNNW35kF.png,116x141
Vehicle Brand Logos,Hyundai,images/e0530765ac5131c9f7bf66a6fad8381b1323db96.png,masks/e0530765ac5131c9f7bf66a6fad8381b1323db96_NrCxA6j5kjvBr4yGB.png,380x182
Vehicle Brand Logos,Nissan,images/e0d50989defcbe997726ca4294563be2c99615e8.png,masks/e0d50989defcbe997726ca4294563be2c99615e8_oe45qaApRQkcXLsDo.png,205x206
Vehicle Brand Logos,Hyundai,images/f0c2c0f4679ea1557b7473f3d84843e835c3e3ff.png,masks/f0c2c0f4679ea1557b7473f3d84843e835c3e3ff_cD7z5rFoYXutQDust.png,460x223
Vehicle Brand Logos,Nissan,images/a8d75a935f5cd5aeee5d45e03aa8139111275fce.png,masks/a8d75a935f5cd5aeee5d45e03aa8139111275fce_BdMvSJeof359H6uBq.png,204x180
Vehicle Brand Logos,Land Rover,images/2245146e59fb3a4e5e7b497f1b0c27c25e5b6586.png,masks/2245146e59fb3a4e5e7b497f1b0c27c25e5b6586_yBg4bv5TpsNoy2ba2.png,133x75
Vehicle Brand Logos,Hyundai,images/4d17efe0dc169e678889f21dad590bf76c3f32ea.png,masks/4d17efe0dc169e678889f21dad590bf76c3f32ea_jikAvcxgSBWZxNeD9.png,265x135
Vehicle Brand Logos,Nissan,images/ad24655982122fc8559acc87369fef2b6949ab38.png,masks/ad24655982122fc8559acc87369fef2b6949ab38_7JvTkfym5X9Kkrm59.png,230x192
Vehicle Brand Logos,Hyundai,images/2b2ab9c9bd855bc1221db5a3381d7543b63cc604.png,masks/2b2ab9c9bd855bc1221db5a3381d7543b63cc604_yge7TpDoYd5j9Wsi5.png,413x197
Vehicle Brand Logos,Land Rover,images/5b0eb649a9a5e660f6d39ab8cb1fb4c23fa7b43e.png,masks/5b0eb649a9a5e660f6d39ab8cb1fb4c23fa7b43e_DW8wQs535M6mkMZsg.png,135x77
Vehicle Brand Logos,Skoda 1,images/dfb91f0a1dba2947343fecf1bdece5f3cdb998ae.png,masks/dfb91f0a1dba2947343fecf1bdece5f3cdb998ae_5wbx6kCmLbNDMEwpC.png,105x103
Vehicle Brand Logos,Nissan,images/6a3b1fb05c30d939bba032ec21579d2b79008bd4.png,masks/6a3b1fb05c30d939bba032ec21579d2b79008bd4_anNurcjBGeNS5bvvL.png,186x146
Vehicle Brand Logos,Lancia 1,images/a88d3afc96c7e8f2ff8defa280928e8d98de4b35.png,masks/a88d3afc96c7e8f2ff8defa280928e8d98de4b35_vhmcKDnetjN3WEGRu.png,127x135
Vehicle Brand Logos,Mini,images/c37b89d6259a0618d4fef80489b9b58e4a2f5536.png,masks/c37b89d6259a0618d4fef80489b9b58e4a2f5536_FbRfCRHTRFQKPTfCf.png,199x117
Vehicle Brand Logos,Mazda,images/bcc7e3732af8093d874ae9064fc66e87cec3beaf.png,masks/bcc7e3732af8093d874ae9064fc66e87cec3beaf_xvmca2n4vQPBtPZCp.png,263x208
Vehicle Brand Logos,Kia 1,images/147a0798d113b5f4427da39f4aeed725f15363b3.png,masks/147a0798d113b5f4427da39f4aeed725f15363b3_RgRz56QuedNpwpEMN.png,212x109
Vehicle Brand Logos,Skoda 1,images/e73ebfaabfd37e341f80b4be86dcd0aa5e13b0e3.png,masks/e73ebfaabfd37e341f80b4be86dcd0aa5e13b0e3_adDXTv9GtCRJbWtqe.png,89x134
Vehicle Brand Logos,Porsche,images/20dbb72243b07c581d9b7305ae729572291273f1.png,masks/20dbb72243b07c581d9b7305ae729572291273f1_9hJXpgLKd33DJFe8W.png,109x99
Vehicle Brand Logos,Chevrolet 2,images/15629470ee7b31ba2dde444721865852cce39bd1.png,masks/15629470ee7b31ba2dde444721865852cce39bd1_PyJjbLR7rcEnN6tfx.png,290x139
Vehicle Brand Logos,Porsche,images/eef526c2707fddf475a4ef382d89ce80487c6090.png,masks/eef526c2707fddf475a4ef382d89ce80487c6090_pRjLeAW6iALhXwFWp.png,105x120
Vehicle Brand Logos,Nissan,images/2501f0b5b99f27e43f16a81e05230bcf4b7b16b0.png,masks/2501f0b5b99f27e43f16a81e05230bcf4b7b16b0_xXva3h6j7S4ipsy4q.png,262x222
Vehicle Brand Logos,Kia 1,images/ba18a10bb9afaa0d6995cd5cef483c56deb18200.png,masks/ba18a10bb9afaa0d6995cd5cef483c56deb18200_pYQderTKLZxSYe6hP.png,261x108
Vehicle Brand Logos,Porsche,images/b3a682613c40cf605b95ed5bb4a6c65fde5f9df1.png,masks/b3a682613c40cf605b95ed5bb4a6c65fde5f9df1_Dfw7GFh9APRRbjJYH.png,90x83
Vehicle Brand Logos,Mazda,images/8afbe5a359b39b9c0dad040e3a5b0e3c65123cde.png,masks/8afbe5a359b39b9c0dad040e3a5b0e3c65123cde_feWYCCtqxRwmHr9TG.png,217x178
Vehicle Brand Logos,Nissan,images/cbf26fca4030bc6027d351e971d9cfc2df1abfc3.png,masks/cbf26fca4030bc6027d351e971d9cfc2df1abfc3_F7u5KKo3pEsfAEDFQ.png,228x200
Vehicle Brand Logos,Peugeot,images/39f388e7f758ced07368be9a5f0f405ee85f2dc7.png,masks/39f388e7f758ced07368be9a5f0f405ee85f2dc7_RxaTQ3ukRzfhtJQ8y.png,119x141
Vehicle Brand Logos,Kia 1,images/23a250524500741dbf2d2658a2653975bf9b4f65.png,masks/23a250524500741dbf2d2658a2653975bf9b4f65_ateYibusztFSkn8ZC.png,240x120
Vehicle Brand Logos,Nissan,images/a574d14249ead0ffa76a075a13c86688ebfdc340.png,masks/a574d14249ead0ffa76a075a13c86688ebfdc340_h6kvaqbHSmL3txEj7.png,137x132
Vehicle Brand Logos,Jeep,images/98842ce6272f8882157a68b74921b9ed63431ce2.png,masks/98842ce6272f8882157a68b74921b9ed63431ce2_2YAawQvJhZqFKnDzP.png,173x97
Vehicle Brand Logos,Hyundai,images/31bbaf0bec3aed69bc08a07cc8f350df9a67b543.png,masks/31bbaf0bec3aed69bc08a07cc8f350df9a67b543_fqcaJEt6SJJQiQQFd.png,369x189
Vehicle Brand Logos,Smart 2,images/79e29820eefeb31266fcf119cbb5c1f0512b1e52.png,masks/79e29820eefeb31266fcf119cbb5c1f0512b1e52_HkTAGTucMTsPssNtj.png,242x269
Vehicle Brand Logos,Land Rover,images/91d1e37e9c68337b2d6fd5d258a4455335cb03cb.png,masks/91d1e37e9c68337b2d6fd5d258a4455335cb03cb_HhSQ3vhhrBMwrZGXu.png,77x59
Vehicle Brand Logos,Hyundai,images/7dc5beecfaa3cec599961b66600aa06cd4e30ea4.png,masks/7dc5beecfaa3cec599961b66600aa06cd4e30ea4_ZPbwSTL65yG4d7CvH.png,565x280
Vehicle Brand Logos,Lexus,images/be691d5c91325daf4630bca333cc6d2b017e1961.png,masks/be691d5c91325daf4630bca333cc6d2b017e1961_fTz6XQyPkQJA3A3im.png,255x177
Vehicle Brand Logos,Mini,images/2ca8a5eba1359ecf3e61aa95aea90ee9b8196bfb.png,masks/2ca8a5eba1359ecf3e61aa95aea90ee9b8196bfb_Z35Lo6HzDNzuECEco.png,344x160
Vehicle Brand Logos,Lancia 1,images/9bdcdabe5cff3bc40345f8699d1d42b7192fba51.png,masks/9bdcdabe5cff3bc40345f8699d1d42b7192fba51_z8ZrCbrkZ2dbJrrm6.png,156x162
Vehicle Brand Logos,Kia 1,images/fa09ae436c396636eb6b6b2b87f0c85f20c093ab.png,masks/fa09ae436c396636eb6b6b2b87f0c85f20c093ab_8oYqjHpNwXnPg68tZ.png,316x146
Vehicle Brand Logos,Jeep,images/e7030f048d13fb74b22e37b1a69c4ff3482c4d26.png,masks/e7030f048d13fb74b22e37b1a69c4ff3482c4d26_Hh8gCvum4nH98Q6x4.png,267x97
Vehicle Brand Logos,Hyundai,images/796c8e3436e834a1d40f54782a254743f674534d.png,masks/796c8e3436e834a1d40f54782a254743f674534d_gAD5dfSJWBhmQz2uJ.png,346x174
Vehicle Brand Logos,Lancia 1,images/747e35fc9577d65ceef95c7e5cf1f47fc9963c9e.png,masks/747e35fc9577d65ceef95c7e5cf1f47fc9963c9e_ryP96AtiAMJckd4dT.png,177x178
Vehicle Brand Logos,Chevrolet 2,images/bdb8609740dd20e25f0866df617fbfd5d7e99c7e.png,masks/bdb8609740dd20e25f0866df617fbfd5d7e99c7e_x8fbchbSKZnioi8Mk.png,198x75
Vehicle Brand Logos,Kia 1,images/cb6d99b1ebae00ce952907ed822391180448059a.png,masks/cb6d99b1ebae00ce952907ed822391180448059a_fYrXN3kbxTCsqQcms.png,146x80
Vehicle Brand Logos,Mini,images/94262b7df2ac77973e5b63eb20353420f7c61daa.png,masks/94262b7df2ac77973e5b63eb20353420f7c61daa_pLH2aXW9GSctfjFoM.png,227x118
Vehicle Brand Logos,Kia 1,images/866c9e3889d98b8deb2cf7eef95c52792760931a.png,masks/866c9e3889d98b8deb2cf7eef95c52792760931a_rWr2qYwz4f322YZeJ.png,224x95
Vehicle Brand Logos,Mazda,images/324145b90b3067053a33efecd0758c5604e29470.png,masks/324145b90b3067053a33efecd0758c5604e29470_yMTYLdwmBe9Hi2Msu.png,199x168
Vehicle Brand Logos,Jeep,images/547896b01a0c288b6a85c9757a43435b98da37f5.png,masks/547896b01a0c288b6a85c9757a43435b98da37f5_hPHwwD3k9Qkz7upto.png,180x69
Vehicle Brand Logos,Mazda,images/c361e09ecb33e7a04b2fed2e6dccabc8057fe043.png,masks/c361e09ecb33e7a04b2fed2e6dccabc8057fe043_obH3SgY2qD9AseNvm.png,238x189
Vehicle Brand Logos,Kia 1,images/2414b3226dd1e2dde08ca79a81e88bc7328f11c0.png,masks/2414b3226dd1e2dde08ca79a81e88bc7328f11c0_Nvj6oWZmssdvWHb4f.png,214x109
Vehicle Brand Logos,Lexus,images/c8dd990a0bfe5f2372a75bdb2624f821ad5e2fb9.png,masks/c8dd990a0bfe5f2372a75bdb2624f821ad5e2fb9_ws8Kw53bL2A4PAmed.png,320x247
Vehicle Brand Logos,Tesla,images/17e7e5cd97893ebeefa026235e94100714dd4da0.png,masks/17e7e5cd97893ebeefa026235e94100714dd4da0_6huv2kS92d24wh9ht.png,147x142
Vehicle Brand Logos,Hyundai,images/e7d0cca8d90f1ce19d913e3d935fe7736f81219e.png,masks/e7d0cca8d90f1ce19d913e3d935fe7736f81219e_uDaeqkSfNnfCn6fm5.png,405x215
Vehicle Brand Logos,Kia 1,images/c49fa7c984050cb6718427d89f7f87b63813b0d6.png,masks/c49fa7c984050cb6718427d89f7f87b63813b0d6_SBxQPGoSgsYobbiih.png,273x135
Vehicle Brand Logos,Kia 1,images/de66b72a4a184ba4f8fb4ca89fb196ec23ad88be.png,masks/de66b72a4a184ba4f8fb4ca89fb196ec23ad88be_Cw3LHDZttQaTtgQ35.png,308x158
Vehicle Brand Logos,Kia 1,images/55893b4f604c7ddaa325477b0540ddcc87a1ebba.png,masks/55893b4f604c7ddaa325477b0540ddcc87a1ebba_yQBSGvyryBSj9fYtB.png,208x103
Vehicle Brand Logos,Lancia 1,images/ec8b274ca866191c43e32e4ce24afd98b5122487.png,masks/ec8b274ca866191c43e32e4ce24afd98b5122487_r2aTe7TxMWcgheL35.png,143x127
Vehicle Brand Logos,Lancia 1,images/a833790c5d6f97cbe952829aba6a8d64db071289.png,masks/a833790c5d6f97cbe952829aba6a8d64db071289_6BKi6EZSjHZzpCMMN.png,257x247
Vehicle Brand Logos,Hyundai,images/fd2018a55e436b5b94aa53d4fe44c16a9e8234e9.png,masks/fd2018a55e436b5b94aa53d4fe44c16a9e8234e9_zezhvEfij3fCbjLqy.png,337x169
Vehicle Brand Logos,Hyundai,images/503561ed3444182a0235ce71cfe8622a043cf8f2.png,masks/503561ed3444182a0235ce71cfe8622a043cf8f2_F9tdDsnmGjJCPTiFT.png,335x168
Vehicle Brand Logos,Chevrolet 2,images/a7384ee4754b564ababdc65f48cd48071e887198.png,masks/a7384ee4754b564ababdc65f48cd48071e887198_jjJr9FMhMzWQ2PDGk.png,266x82
Vehicle Brand Logos,Kia 1,images/5212fc1c437d7ebcd88d7ef13ab1402f5c4824f3.png,masks/5212fc1c437d7ebcd88d7ef13ab1402f5c4824f3_zBwnMR8n4ovgWqKH7.png,322x170
Vehicle Brand Logos,Hyundai,images/69f4957eac9be506e1d8e9eaadc288c92c09c806.png,masks/69f4957eac9be506e1d8e9eaadc288c92c09c806_gXkRzv3EYKfJLuHMi.png,207x162
Vehicle Brand Logos,Kia 1,images/d8a6a753418b8906a853f1f8f874edec9ea039b5.png,masks/d8a6a753418b8906a853f1f8f874edec9ea039b5_JppP7T4X3GyadLKPh.png,261x130
Vehicle Brand Logos,Hyundai,images/134698e3d0b9e6426533c4db8df07435d42b42ab.png,masks/134698e3d0b9e6426533c4db8df07435d42b42ab_nM2SWEAaLA5gjn7q2.png,367x182
Vehicle Brand Logos,Porsche,images/7b4fcf131c968e92067babea0938940b728d8e7c.png,masks/7b4fcf131c968e92067babea0938940b728d8e7c_SCJ9Y78nDuJaQTtRc.png,120x110
Vehicle Brand Logos,Hyundai,images/fa770f5128f17c6e47ef20c21c0bd2c9a5287e04.png,masks/fa770f5128f17c6e47ef20c21c0bd2c9a5287e04_R87E6Ps27pKjonXv6.png,310x160
Vehicle Brand Logos,Kia 1,images/8009b780c8da418096f7a22ec00af972c6dc66f2.png,masks/8009b780c8da418096f7a22ec00af972c6dc66f2_QqnhfSdBwW9iuj5x3.png,271x130
Vehicle Brand Logos,Peugeot,images/6bb42aa449cd72a16b7c7ddb3eaa3e36b987c525.png,masks/6bb42aa449cd72a16b7c7ddb3eaa3e36b987c525_Cmp9m7pFMXfNnEYs8.png,117x138
Vehicle Brand Logos,Jeep,images/53d4cc524eadf04b7ce0dd51faf2e9c3d2523f1b.png,masks/53d4cc524eadf04b7ce0dd51faf2e9c3d2523f1b_tghdkRyCiSWjF3ego.png,341x162
Vehicle Brand Logos,Kia 1,images/d4d03f6ab97208e7685b41ead15c3829153e3d41.png,masks/d4d03f6ab97208e7685b41ead15c3829153e3d41_hr8tjcTkdEeGx26q2.png,322x185
Vehicle Brand Logos,Lexus,images/05060dceb760004d3d7c2cf3f7d6820f96091a30.png,masks/05060dceb760004d3d7c2cf3f7d6820f96091a30_JteZf4eoASNiLRSHt.png,147x133
Vehicle Brand Logos,Lexus,images/363121f77412787e9f343258704a3062c3c7a410.png,masks/363121f77412787e9f343258704a3062c3c7a410_bhTEAmY8X2anNzRtF.png,186x164
Vehicle Brand Logos,Mini,images/29d2c9fbc863ef80690577bcf8061e3b6554702f.png,masks/29d2c9fbc863ef80690577bcf8061e3b6554702f_9RcWqwapGyftQqgQe.png,502x269
Vehicle Brand Logos,Smart 2,images/ff12d54f7ca0d85797644b192508acbe060e6995.png,masks/ff12d54f7ca0d85797644b192508acbe060e6995_stPxyudRtdX6y6vrs.png,110x134
Vehicle Brand Logos,Mazda,images/37f0da6c3872d885ef6b5f1875ce5a5c87b846e9.png,masks/37f0da6c3872d885ef6b5f1875ce5a5c87b846e9_McSqiB82MDHnMB2Bs.png,176x144
Vehicle Brand Logos,Mazda,images/9029d43da8160d3615ccee3a00695aaef487cd7b.png,masks/9029d43da8160d3615ccee3a00695aaef487cd7b_5jNZeW5ZFHcXD6AsY.png,310x260
Vehicle Brand Logos,Kia 1,images/c91a415e5f33226861908feff336785116a30f34.png,masks/c91a415e5f33226861908feff336785116a30f34_9XEpRcYL9LiiRFjt8.png,239x106
Vehicle Brand Logos,Jeep,images/cd1248770b853eeb0b0d89e2e50f898e47894bf6.png,masks/cd1248770b853eeb0b0d89e2e50f898e47894bf6_agFdyxqrE6H3ujeD3.png,175x88
Vehicle Brand Logos,Mazda,images/58a6b771a55a4f2375adeb9d2352e380e8697bcf.png,masks/58a6b771a55a4f2375adeb9d2352e380e8697bcf_AmuTcGs7vWS9iPvGA.png,164x132
Vehicle Brand Logos,Skoda 1,images/4755b4f60b4984a0fa0b34568da90f14be1f9407.png,masks/4755b4f60b4984a0fa0b34568da90f14be1f9407_vRnEjL4T8Y6P85sQq.png,116x166
Vehicle Brand Logos,Volvo 1,images/b598d9b98f4442667ae84baedd5d6e95a8eef0b2.png,masks/b598d9b98f4442667ae84baedd5d6e95a8eef0b2_PEfipZTJhDawGJTEY.png,311x291
Vehicle Brand Logos,GMC,images/f47d0eb8d7e67f2296d8372f51805ea62c3e0c25.png,masks/f47d0eb8d7e67f2296d8372f51805ea62c3e0c25_Zaq6wzseywokirSEo.png,370x147
Vehicle Brand Logos,Smart 2,images/b0c76fa61e73e2ee8ff9fd44d3388f0443ba62b3.png,masks/b0c76fa61e73e2ee8ff9fd44d3388f0443ba62b3_Poh3GGiujWaYBSfx9.png,273x224
Vehicle Brand Logos,Jeep,images/4d25cfe19d5305567eb8cc9d49cc932146aa970a.png,masks/4d25cfe19d5305567eb8cc9d49cc932146aa970a_4yk6PcMykguoHwhBm.png,301x135
Vehicle Brand Logos,Tesla,images/210986a17ad909cfe1dfd1aad1cb55c40f1b77ff.png,masks/210986a17ad909cfe1dfd1aad1cb55c40f1b77ff_jnrj6S2CRLANsZQ9t.png,101x104
Vehicle Brand Logos,GMC,images/4bc534c63311f0ccd3ef460519041619b97c2ead.png,masks/4bc534c63311f0ccd3ef460519041619b97c2ead_yi6o7uFFp2zygY5aB.png,230x66
Vehicle Brand Logos,Tesla,images/5684cfd2beed202a9b4211f335cf9709edf2ed2c.png,masks/5684cfd2beed202a9b4211f335cf9709edf2ed2c_EnTro2EN5NqqmwRte.png,143x164
Vehicle Brand Logos,Lexus,images/829e1c89a8848774a70297867c31e00e6493b93c.png,masks/829e1c89a8848774a70297867c31e00e6493b93c_pgyXzgyE3HEPDFKE7.png,145x146
Vehicle Brand Logos,Ford,images/7d693465eb82115f5bcbc16ddc219ccd8a441695.png,masks/7d693465eb82115f5bcbc16ddc219ccd8a441695_ALBgqscs8Maxn6Q8H.png,291x110
Vehicle Brand Logos,Ford,images/8f01f4a93a7bb677244fed61cb0d1f18037f2796.png,masks/8f01f4a93a7bb677244fed61cb0d1f18037f2796_jkFFDrgksaQo6iNRN.png,162x77
Vehicle Brand Logos,Jeep,images/89214e6a1a5b8d67d90f702b6296c7d3863a4459.png,masks/89214e6a1a5b8d67d90f702b6296c7d3863a4459_HzWq7u33Bw3RaiwyN.png,256x91
Vehicle Brand Logos,Ford,images/b0c118f827d90046c795c844c09c758e14892170.png,masks/b0c118f827d90046c795c844c09c758e14892170_AESKPJ4mbSoFvdKCN.png,172x85
Vehicle Brand Logos,Ford,images/f3353df230e426c3cd054a1c3e9f0c948dd517d3.png,masks/f3353df230e426c3cd054a1c3e9f0c948dd517d3_yytYPgCgoJod4W8ka.png,202x86
Vehicle Brand Logos,Ford,images/0a1ddebdadd58fe2409d57e9a7512f7945b9a2b7.png,masks/0a1ddebdadd58fe2409d57e9a7512f7945b9a2b7_uaHxc35TouhG7oXh5.png,166x65
Vehicle Brand Logos,Mini,images/5e692d0df804f21c1188cbdab57780fbc9f5150d.png,masks/5e692d0df804f21c1188cbdab57780fbc9f5150d_LgxZqZP86Lmqjid44.png,229x100
Vehicle Brand Logos,GMC,images/e5f6b6280a5a94806df19d5732e4118270a75356.png,masks/e5f6b6280a5a94806df19d5732e4118270a75356_HLiBS8a6N5paH82Tf.png,224x55
Vehicle Brand Logos,Land Rover,images/ca5077a6aa124c03975774a4a763003992a055fc.png,masks/ca5077a6aa124c03975774a4a763003992a055fc_7AEG3wSPbqtMJnEbT.png,163x89
Vehicle Brand Logos,Smart 2,images/4acc9580d72711259997d49c96b371f579fad435.png,masks/4acc9580d72711259997d49c96b371f579fad435_i98aL9NuzgtqSdbve.png,148x186
Vehicle Brand Logos,Ford,images/ac9e47e2e1eea7f9bddf2d168021cec25fd259bb.png,masks/ac9e47e2e1eea7f9bddf2d168021cec25fd259bb_YFc4T2EGbrbFwkFhb.png,129x55
Vehicle Brand Logos,Ford,images/52d19b2bd97bede4586834c3b3749da84e7c2f1c.png,masks/52d19b2bd97bede4586834c3b3749da84e7c2f1c_LhyEwSAtbZTP9Fsdz.png,205x133
Vehicle Brand Logos,Tesla,images/233d1a2368837828bf52152c9cbba2558e3e3f7f.png,masks/233d1a2368837828bf52152c9cbba2558e3e3f7f_N5oZjGhbxkgAkBekZ.png,130x127
Vehicle Brand Logos,Porsche,images/e7a2282b928384f0f4dbdebd125953892b9b54e6.png,masks/e7a2282b928384f0f4dbdebd125953892b9b54e6_a9rpNzQMYm8mC6gCN.png,108x111
Vehicle Brand Logos,Ford,images/9cf9b8af7d96f0b0ecb8d9bb6d92bae6f277e117.png,masks/9cf9b8af7d96f0b0ecb8d9bb6d92bae6f277e117_JLQYrDgchQ3cESTfs.png,235x93
Vehicle Brand Logos,Chevrolet 2,images/18a449d09a1a42f4c232804a2f934188bc8649bb.png,masks/18a449d09a1a42f4c232804a2f934188bc8649bb_G5kwtYqiBZtPMGTpD.png,178x68
Vehicle Brand Logos,Ford,images/9fc07b7b8b05bf6bce0d996e42700cd194bc48a3.png,masks/9fc07b7b8b05bf6bce0d996e42700cd194bc48a3_TPRNe3LfLYxDuKvvi.png,181x79
Vehicle Brand Logos,Porsche,images/d8c45f2eeeb5a9a41758e09f78e540d3202fd1c2.png,masks/d8c45f2eeeb5a9a41758e09f78e540d3202fd1c2_ik6DtCm3fooR7PJTg.png,97x95
Vehicle Brand Logos,Skoda 1,images/4294b3e9b025fcbb11522c0ac70c8507818ab845.png,masks/4294b3e9b025fcbb11522c0ac70c8507818ab845_awscetfjMFEiuwPGT.png,214x220
Vehicle Brand Logos,Ford,images/084caa835927a81ddd8f937cc125aa7ba16c60f5.png,masks/084caa835927a81ddd8f937cc125aa7ba16c60f5_DKiuaNEpANCeCPh3n.png,208x103
Vehicle Brand Logos,Ford,images/478e9f3c0a28f1ebd95c4ccac28e11f58d8df4d8.png,masks/478e9f3c0a28f1ebd95c4ccac28e11f58d8df4d8_zghXXcqH9Kv2tdShH.png,139x67
Vehicle Brand Logos,Skoda 1,images/e691bc0c9132d1de0866aa048e3abb57ceafc2c1.png,masks/e691bc0c9132d1de0866aa048e3abb57ceafc2c1_xJ5MTeLdMDBwcaHAG.png,194x213
Vehicle Brand Logos,Chevrolet 2,images/9e949ef3bbea275ad932fe09f9abd4884e554957.png,masks/9e949ef3bbea275ad932fe09f9abd4884e554957_8Li3BrWBay8fFCvcM.png,230x81
Vehicle Brand Logos,Lexus,images/63e93602446ce722e5346bb82e1fc872dce2fab3.png,masks/63e93602446ce722e5346bb82e1fc872dce2fab3_PuXTwGzWTmxsFAsGN.png,164x140
Vehicle Brand Logos,Ford,images/f73ec2363c4c83d87a4fdf0baff09de56c971b89.png,masks/f73ec2363c4c83d87a4fdf0baff09de56c971b89_Wf9KcHMC9SXXWzzwv.png,189x94
Vehicle Brand Logos,Lexus,images/3f39066210a617002d5a795ae2de86f280844bf5.png,masks/3f39066210a617002d5a795ae2de86f280844bf5_mytgF7xSji2XTEj2K.png,226x207
Vehicle Brand Logos,GMC,images/ad6069dcb982199e5d65c1e004de6d2d94029b00.png,masks/ad6069dcb982199e5d65c1e004de6d2d94029b00_mch7tJ59ibqtsBTJR.png,173x48
Vehicle Brand Logos,Lexus,images/e331eb9165883850c619f48a3b15e30c000900ac.png,masks/e331eb9165883850c619f48a3b15e30c000900ac_4QKaXZgzekKsiEQjk.png,197x147
Vehicle Brand Logos,Skoda 1,images/dbd8310f437df3c481875a35e5f2c76bb5080fb7.png,masks/dbd8310f437df3c481875a35e5f2c76bb5080fb7_CC4SW4Fpt9PobYC5P.png,224x234
Vehicle Brand Logos,Ford,images/b601f934cd35b2e181ede76fa34ade7ddd1fd136.png,masks/b601f934cd35b2e181ede76fa34ade7ddd1fd136_wetngCdCtjgiMzRHv.png,202x96
Vehicle Brand Logos,GMC,images/84bc3ecd35a33921544823ee822652ecad86089e.png,masks/84bc3ecd35a33921544823ee822652ecad86089e_eriTTJfMuj7nk4eBA.png,217x54
Vehicle Brand Logos,Ford,images/578b79fbeb4fbc9faad8736fd4e6d8e3df5c2be7.png,masks/578b79fbeb4fbc9faad8736fd4e6d8e3df5c2be7_JuYeZCazyaFztKTHx.png,237x116
Vehicle Brand Logos,Daewoo 1,images/683f077a653533391a0d29bca5b0d3114bdef05c.png,masks/683f077a653533391a0d29bca5b0d3114bdef05c_RQK86FkStb43Ci2o2.png,123x57
Vehicle Brand Logos,Chevrolet 2,images/f17261d54bcffbfb06c7ca66ce92ff733eebc138.png,masks/f17261d54bcffbfb06c7ca66ce92ff733eebc138_odDfd8rb57HoB3d5J.png,187x73
Vehicle Brand Logos,Ford,images/6471187fad85799b630a2f12976958827c409de8.png,masks/6471187fad85799b630a2f12976958827c409de8_f4DJLaie6ubrXTGdy.png,303x125
Vehicle Brand Logos,Ford,images/dd2a18c27d0226e80b96cd5d6c1c381e0b42490c.png,masks/dd2a18c27d0226e80b96cd5d6c1c381e0b42490c_33fTfBgYHhuy4aEYX.png,183x72
Vehicle Brand Logos,GMC,images/249d2b040c8ba663161630ef6b72c1be544fa0c0.png,masks/249d2b040c8ba663161630ef6b72c1be544fa0c0_79KznnD3HnwHEJpiu.png,302x74
Vehicle Brand Logos,Jeep,images/077ec342bbd3fa484ac6a7033290ef0d7dbbe3a4.png,masks/077ec342bbd3fa484ac6a7033290ef0d7dbbe3a4_aQwjHL7twadfu54bv.png,292x120
Vehicle Brand Logos,Lancia 1,images/7b08e989d65a0369300bc1d9c03cfebc8deaa621.png,masks/7b08e989d65a0369300bc1d9c03cfebc8deaa621_59cSZBMQrnBYLEQ2z.png,283x258
Vehicle Brand Logos,Chevrolet 2,images/5b68b4dff2687c988481007d2d29301148ee8a48.png,masks/5b68b4dff2687c988481007d2d29301148ee8a48_ciKQGRPTqYFKdKwtk.png,566x181
Vehicle Brand Logos,Daewoo 1,images/eb34faf540d5c8ff278f9a6ff96a15fc83251580.png,masks/eb34faf540d5c8ff278f9a6ff96a15fc83251580_SZBPHnmEwWeG7pPkR.png,125x90
Vehicle Brand Logos,Jeep,images/56d1048e43000adf9680af69b742dad27a9861a6.png,masks/56d1048e43000adf9680af69b742dad27a9861a6_HvQqZjnPmJxi5jPsE.png,170x81
Vehicle Brand Logos,Lancia 1,images/9c8732b8be114d0a8b623dbaedb113b9bbc1e8f3.png,masks/9c8732b8be114d0a8b623dbaedb113b9bbc1e8f3_en5a345qwHxRNT6i7.png,148x147
Vehicle Brand Logos,GMC,images/94f7b76620e8b3d7cb18ab2a2c4caf62a9453268.png,masks/94f7b76620e8b3d7cb18ab2a2c4caf62a9453268_XufoZQNWtMHtwMm26.png,340x117
Vehicle Brand Logos,Volvo 1,images/d7b4bb74cb7d616b32823a96edca7e695a816944.png,masks/d7b4bb74cb7d616b32823a96edca7e695a816944_N2DmA49gqPWY2D755.png,343x308
Vehicle Brand Logos,Land Rover,images/bc75adc11a9db4913360a17747451bea8dd3ac88.png,masks/bc75adc11a9db4913360a17747451bea8dd3ac88_DzLFAYf8pAYcyvvp2.png,375x240
Vehicle Brand Logos,Skoda 1,images/33ddd037698a6935a1581ffc03049313a79b2107.png,masks/33ddd037698a6935a1581ffc03049313a79b2107_Giz2rYrQ6KyLDJBAp.png,131x136
Vehicle Brand Logos,Skoda 1,images/f46c07d0772ab632a1acea3c77dc47522da8526c.png,masks/f46c07d0772ab632a1acea3c77dc47522da8526c_A87DpM5Wht49yvZxd.png,101x100
Vehicle Brand Logos,Lexus,images/8dff4b09de4e622673e59a6f8b19ac4f222880fe.png,masks/8dff4b09de4e622673e59a6f8b19ac4f222880fe_MZhBf4rR3M9TzcTvG.png,192x143
Vehicle Brand Logos,Peugeot,images/60055dba0eb29ea30758be880c2c6c3b289dfb45.png,masks/60055dba0eb29ea30758be880c2c6c3b289dfb45_PK3fpYMXKKQXX4DFq.png,123x116
Vehicle Brand Logos,Land Rover,images/23ed28a0dd2f6a60736716f6b6b3044ff5f4fd57.png,masks/23ed28a0dd2f6a60736716f6b6b3044ff5f4fd57_Rf9ZyTrxaEigBHMHp.png,428x229
Vehicle Brand Logos,Lancia 1,images/3059d77e4d765a3b997a95328483fff743026f18.png,masks/3059d77e4d765a3b997a95328483fff743026f18_eL9eqhMHTyKjDbawc.png,358x385
Vehicle Brand Logos,Chevrolet 2,images/39b3d9c7ec280b85cc101f29a3fcc53cfe5a3ac6.png,masks/39b3d9c7ec280b85cc101f29a3fcc53cfe5a3ac6_BbTxGQz4FyHBfytxS.png,219x84
Vehicle Brand Logos,Skoda 1,images/009b1be93bb9ca308f1309686825448e8e4c7673.png,masks/009b1be93bb9ca308f1309686825448e8e4c7673_SsSzbe6xjZSPDoKXK.png,140x177
Vehicle Brand Logos,Chevrolet 2,images/2b13e237c619718d26eeff7ee276ee07042e413a.png,masks/2b13e237c619718d26eeff7ee276ee07042e413a_DBjPcbATyyNNC8sNo.png,196x85
Vehicle Brand Logos,Lexus,images/7f6bc40495766a708ed283c4e9c2e2f6a6862bb3.png,masks/7f6bc40495766a708ed283c4e9c2e2f6a6862bb3_cQRenhwksEge4St9P.png,414x288
Vehicle Brand Logos,Volvo 1,images/3058d5ba34be8514a720aedd29fb49b3e17d8288.png,masks/3058d5ba34be8514a720aedd29fb49b3e17d8288_N4rFKhYRczK9qhv4p.png,242x220
Vehicle Brand Logos,Chevrolet 2,images/92ed4754c9b3e2ccb249eafe6b4f03a965386f02.png,masks/92ed4754c9b3e2ccb249eafe6b4f03a965386f02_F5qAxPMkMP2JTYCmP.png,279x126
Vehicle Brand Logos,Mini,images/d68c1cabc1eb54ed880f9e82174bf9ae569df6b5.png,masks/d68c1cabc1eb54ed880f9e82174bf9ae569df6b5_Sb8SSwYom9MbhSrfp.png,294x136
Vehicle Brand Logos,Peugeot,images/bb07f9e48d67a455e940c70b602c55a13f157f36.png,masks/bb07f9e48d67a455e940c70b602c55a13f157f36_uMgiDNR2dg3Cu4u85.png,100x108
Vehicle Brand Logos,Smart 2,images/f356e909118580e695cd2e9dcd5fa4bca1fd5c8d.png,masks/f356e909118580e695cd2e9dcd5fa4bca1fd5c8d_GjnP2FvyvS34eZygz.png,158x159
Vehicle Brand Logos,Acura,images/43afcc6c1b6f2954a50c1cc8ec80c3fdec3cfb6c.png,masks/43afcc6c1b6f2954a50c1cc8ec80c3fdec3cfb6c_sXu65AXv7L6NeDeJm.png,102x104
Vehicle Brand Logos,Daewoo 1,images/9fac257c3d3011c8ad5c420d9150cc67484d698a.png,masks/9fac257c3d3011c8ad5c420d9150cc67484d698a_4La5Xm98SaC3uCjhh.png,146x56
Vehicle Brand Logos,GMC,images/d9fbcdbea67e2fccf970438356e5c481206cd044.png,masks/d9fbcdbea67e2fccf970438356e5c481206cd044_fxavTRmDLwcoCS2gk.png,272x78
Vehicle Brand Logos,Daewoo 1,images/937bc0d1103f52626b22185415cfe71bf3bf536c.png,masks/937bc0d1103f52626b22185415cfe71bf3bf536c_dsju6j7qpZMG2Zp53.png,103x62
Vehicle Brand Logos,Peugeot,images/59c532a7dfa4708af0ca34188266e9cb9be74f4c.png,masks/59c532a7dfa4708af0ca34188266e9cb9be74f4c_C8tyZKfwJRPWnmbtN.png,103x108
Vehicle Brand Logos,Daewoo 1,images/60a57e9549fc390b67bc55b6b7a4e0f8d2a6978f.png,masks/60a57e9549fc390b67bc55b6b7a4e0f8d2a6978f_AT3Qq6QRa5CWbx4Cf.png,163x70
Vehicle Brand Logos,Jeep,images/6fea3b3f0a2fdb3e140102b028ac146fd639efcf.png,masks/6fea3b3f0a2fdb3e140102b028ac146fd639efcf_44ariqLXHj5d6jMH3.png,281x113
Vehicle Brand Logos,Jeep,images/a183d0f60a35d61d34b0f71621ee0e6bf276d7ff.png,masks/a183d0f60a35d61d34b0f71621ee0e6bf276d7ff_ytQ5hMYoBqezBNQQH.png,264x88
Vehicle Brand Logos,Porsche,images/97b48964e7f917cfea6e5f34397d00e34f7d1c14.png,masks/97b48964e7f917cfea6e5f34397d00e34f7d1c14_Hob5rQjSE6SxYZEvy.png,97x176
Vehicle Brand Logos,Porsche,images/9adf241664a52ce257d135583a889315f924788a.png,masks/9adf241664a52ce257d135583a889315f924788a_nr86mcNEijefzTuQb.png,133x152
Vehicle Brand Logos,Lancia 1,images/8994f474ab4829eba29c10fd00a68586cc260ed5.png,masks/8994f474ab4829eba29c10fd00a68586cc260ed5_mvvRGTDgmcBnnP9y6.png,121x120
Vehicle Brand Logos,Acura,images/13634cd73c01302053d94cc6fb591f52d0804a7d.png,masks/13634cd73c01302053d94cc6fb591f52d0804a7d_TQd26rZ7zWS2K922L.png,134x152
Vehicle Brand Logos,Peugeot,images/46c36a9178814d178c7be79f2b3724913a9814ab.png,masks/46c36a9178814d178c7be79f2b3724913a9814ab_2Ba7cjn56visD9h77.png,97x114
Vehicle Brand Logos,Acura,images/1ff5f76a1808f857a10b5c08d9ff1a377307ff54.png,masks/1ff5f76a1808f857a10b5c08d9ff1a377307ff54_rMmM2rLZDeg2TzdWu.png,138x135
Vehicle Brand Logos,Porsche,images/51409af3c5f2e2f9358983d6c88b09966acdcbf3.png,masks/51409af3c5f2e2f9358983d6c88b09966acdcbf3_ut9vZkJW2pukqMM7G.png,108x101
Vehicle Brand Logos,Volvo 1,images/2cef9de2552b981f4d92286fcc91ca7ef6475bd3.png,masks/2cef9de2552b981f4d92286fcc91ca7ef6475bd3_MhN6ZGPSEbsGxn2SL.png,197x223
Vehicle Brand Logos,Chevrolet 2,images/332bce72d9064002e66273d67f5b0636c5fcc1e9.png,masks/332bce72d9064002e66273d67f5b0636c5fcc1e9_ShgGSxWkdqpckkuGP.png,194x83
Vehicle Brand Logos,Land Rover,images/a53fbd29732290a456f244ca068cf2110cfdcf14.png,masks/a53fbd29732290a456f244ca068cf2110cfdcf14_KHz6WsF82GDmFngFp.png,1081x523
Vehicle Brand Logos,Jeep,images/84750a5cf07b23b0b2b0c84cc57ee55832178148.png,masks/84750a5cf07b23b0b2b0c84cc57ee55832178148_WSJj72AohwPyriQJJ.png,365x136
Vehicle Brand Logos,Smart 2,images/ff943c6b9f161d9898ce42ee9925beed1fd1a42d.png,masks/ff943c6b9f161d9898ce42ee9925beed1fd1a42d_i9WPYWudmJmWYteq8.png,94x97
Vehicle Brand Logos,Daewoo 1,images/ca599bef064f717916d86bc7514eaf7206b664c4.png,masks/ca599bef064f717916d86bc7514eaf7206b664c4_CB43BrbWggxrz6tY6.png,208x80
Vehicle Brand Logos,Lexus,images/c8bcc82c596e8d82999996b69e7f5ab8ffd4916d.png,masks/c8bcc82c596e8d82999996b69e7f5ab8ffd4916d_ModqRfj6hDFRqoikD.png,283x201
Vehicle Brand Logos,Acura,images/ee8bd46c298665a020791a03123cb03d4e05ac21.png,masks/ee8bd46c298665a020791a03123cb03d4e05ac21_e5bCEKnB7goYGCbtw.png,131x153
Vehicle Brand Logos,Smart 2,images/5cec696eb29224d9fb18f2576e90839d61b2b526.png,masks/5cec696eb29224d9fb18f2576e90839d61b2b526_LSqiECCc9AwoCdffa.png,123x129
Vehicle Brand Logos,Alfa Romeo,images/b53d1839e081fce83c1b3d751d9773e02bd3d683.png,masks/b53d1839e081fce83c1b3d751d9773e02bd3d683_5mwQKY2STafRmhJWK.png,192x209
Vehicle Brand Logos,Volvo 1,images/473e2621ee1219148c538ee49ac1eb2eb7b49efd.png,masks/473e2621ee1219148c538ee49ac1eb2eb7b49efd_b3Cvup3hsLZbDA9ZP.png,224x237
Vehicle Brand Logos,Tesla,images/d0cec32b552bf989c51408b1556dfc12bcef875f.png,masks/d0cec32b552bf989c51408b1556dfc12bcef875f_P7rDcKsrq9285ZnhH.png,185x176
Vehicle Brand Logos,Acura,images/c89400811c19605a264e482df8c0a55ed6639742.png,masks/c89400811c19605a264e482df8c0a55ed6639742_KTP7uQJ5u5fvnpGAv.png,91x93
Vehicle Brand Logos,Mini,images/59ac1b48ec2131d818d49f609b9fabb23f5f2324.png,masks/59ac1b48ec2131d818d49f609b9fabb23f5f2324_eM4Haxgg6hFJLnRJz.png,557x246
Vehicle Brand Logos,Lexus,images/e6cf801c8f76fd5ec79657de22b6367283eae2c4.png,masks/e6cf801c8f76fd5ec79657de22b6367283eae2c4_kszJZPd77y4m32eZ6.png,214x151
Vehicle Brand Logos,Land Rover,images/a1bdf2e7f923c3d38a58b4663138326323d58096.png,masks/a1bdf2e7f923c3d38a58b4663138326323d58096_9mX6NPLjRvW476Lwb.png,215x111
Vehicle Brand Logos,Mini,images/5fa2be5887a63cddbb78ab5140ff93eaaab38d86.png,masks/5fa2be5887a63cddbb78ab5140ff93eaaab38d86_Bcjz5JsCuipijjJBY.png,254x124
Vehicle Brand Logos,Smart 2,images/6b9b73c1a381ada9e5cd1c42f335c34f2f6c9b5e.png,masks/6b9b73c1a381ada9e5cd1c42f335c34f2f6c9b5e_kbmqKuWzHeHJY7Awe.png,122x115
Vehicle Brand Logos,GMC,images/ee3eaefeb305c3ab6c28b9ded061d084e1b253c1.png,masks/ee3eaefeb305c3ab6c28b9ded061d084e1b253c1_sK4W9hrMCvZyi6YXP.png,255x63
Vehicle Brand Logos,Lexus,images/8f9a3e66e7d9c0cf617b4d9e8e1fb2185f211154.png,masks/8f9a3e66e7d9c0cf617b4d9e8e1fb2185f211154_LEHdLBeuKxnFZZa86.png,166x165
Vehicle Brand Logos,Lancia 1,images/2b4733fc4836e73193e964905a79cc8edf74e9e7.png,masks/2b4733fc4836e73193e964905a79cc8edf74e9e7_cFamrCWX9ftps2qif.png,176x169
Vehicle Brand Logos,Peugeot,images/9c8826b80abbd9f6b73012f84a66646ea3eadcdf.png,masks/9c8826b80abbd9f6b73012f84a66646ea3eadcdf_kX8ieQNSRhjHkBhhn.png,200x206
Vehicle Brand Logos,Chevrolet 2,images/d29c5ad71b023af807b58a1629eec8f78da17de0.png,masks/d29c5ad71b023af807b58a1629eec8f78da17de0_q76P6dk57EX4Wu8QN.png,263x91
Vehicle Brand Logos,Volvo 1,images/b9d228631931230148e59436224b9b42d1f4f702.png,masks/b9d228631931230148e59436224b9b42d1f4f702_dGnc5ZLNSeLQYfcuf.png,311x292
Vehicle Brand Logos,Smart 2,images/94e5ccac1db67d8e708c377140feb6d9e49b3abe.png,masks/94e5ccac1db67d8e708c377140feb6d9e49b3abe_GBwYafL7uS934Snwb.png,258x232
Vehicle Brand Logos,Daewoo 1,images/c012f246b9a98e8fcdfad086c277f217fb5fd1f9.png,masks/c012f246b9a98e8fcdfad086c277f217fb5fd1f9_kz5DvGTQDsMHx2vk3.png,261x94
Vehicle Brand Logos,Mini,images/af93c3f7031abdadf6fb2420a8689f072ca14cee.png,masks/af93c3f7031abdadf6fb2420a8689f072ca14cee_hebqY5XX2rQuagG9g.png,187x98
Vehicle Brand Logos,Tesla,images/7ac69ad6984cd344786c57d24f75580f6a0594f3.png,masks/7ac69ad6984cd344786c57d24f75580f6a0594f3_w8dQpwg4q3QHont2m.png,96x108
Vehicle Brand Logos,Lancia 1,images/b99d29de7f7614a95d7fcfe20748b1a3fd880f94.png,masks/b99d29de7f7614a95d7fcfe20748b1a3fd880f94_7gd4Z5wNQMYwGcZZh.png,117x113
Vehicle Brand Logos,Tesla,images/f5d77e2b7374ecf2d26db1b936ef6eaaa098b7e5.png,masks/f5d77e2b7374ecf2d26db1b936ef6eaaa098b7e5_RyZerPGNX8qj36SHA.png,121x111
Vehicle Brand Logos,Daewoo 1,images/d6a17b7d3d3c2c59c4dc4d8697560b4906fb8969.png,masks/d6a17b7d3d3c2c59c4dc4d8697560b4906fb8969_X3xmjsnHdzLNyNuvr.png,194x65
Vehicle Brand Logos,Alfa Romeo,images/b18ef825485fb1c076b4f39e68d8f21504329404.png,masks/b18ef825485fb1c076b4f39e68d8f21504329404_fdAKY38GjoFryi4PX.png,146x168
Vehicle Brand Logos,Mini,images/a5e4990162eb3c07470427f2a891937f06aea430.png,masks/a5e4990162eb3c07470427f2a891937f06aea430_ZLMydKqaFhTanvcin.png,542x244
Vehicle Brand Logos,Acura,images/64003d3e4243d9a00f02e0613242b49512df2b92.png,masks/64003d3e4243d9a00f02e0613242b49512df2b92_iXAxgcAhnPkjWy6vX.png,148x158
Vehicle Brand Logos,GMC,images/a4c5ed9e7dd53e378ca306e220f0c796f677caef.png,masks/a4c5ed9e7dd53e378ca306e220f0c796f677caef_FRgDZitGtCcG42YAj.png,320x136
Vehicle Brand Logos,Alfa Romeo,images/e0c66f7cd7663030a5a128861bf6e2835c55b8db.png,masks/e0c66f7cd7663030a5a128861bf6e2835c55b8db_WRc62TomYuX87gAeR.png,240x264
Vehicle Brand Logos,Alfa Romeo,images/087b04f0ca2d15f79f3ce3e83546fa7fd05e028a.png,masks/087b04f0ca2d15f79f3ce3e83546fa7fd05e028a_uztSb34nTan9efWRh.png,120x120
Vehicle Brand Logos,Land Rover,images/925b575df558e65f7cd9dedb7bd1a56857695760.png,masks/925b575df558e65f7cd9dedb7bd1a56857695760_hiRfrgRd36LAxfRYu.png,142x76
Vehicle Brand Logos,Lexus,images/e315ab75ae6a24470f6733573e8b64004e2f0dcb.png,masks/e315ab75ae6a24470f6733573e8b64004e2f0dcb_JwwvLnR38s7jAA7bu.png,171x127
Vehicle Brand Logos,Alfa Romeo,images/d62072d77830fb6c2213aaea7501b38271852597.png,masks/d62072d77830fb6c2213aaea7501b38271852597_anF6fq9vk7nGEX5ys.png,136x156
Vehicle Brand Logos,Acura,images/dc7fbe7d10d07fc698b5909df2be1b73d996d1b5.png,masks/dc7fbe7d10d07fc698b5909df2be1b73d996d1b5_gbiQoEYX5mkdaeMMK.png,148x151
Vehicle Brand Logos,Skoda 1,images/41bffba8d85e291410cde5557af3e813fed68c33.png,masks/41bffba8d85e291410cde5557af3e813fed68c33_xs3LTZ9MDRKcbNcd5.png,199x197
Vehicle Brand Logos,Smart 2,images/b689a3e15c3aa54d1090dd67d38176d8546e1751.png,masks/b689a3e15c3aa54d1090dd67d38176d8546e1751_fhtRZ3TsJwPBKtY3W.png,249x221
Vehicle Brand Logos,Acura,images/534c22577b30bed29da9c657de8a244bd87d4dfb.png,masks/534c22577b30bed29da9c657de8a244bd87d4dfb_X99xrfeoJ9NFfQBk8.png,92x101
Vehicle Brand Logos,Land Rover,images/d46a87f96b0a1c60245de458438cb5b162583514.png,masks/d46a87f96b0a1c60245de458438cb5b162583514_fWWqGJKvzP9uRjSou.png,180x92
Vehicle Brand Logos,Acura,images/75aa32608e9fe4835916c785b9e3221d52759ed2.png,masks/75aa32608e9fe4835916c785b9e3221d52759ed2_hFG56bED9hoyTw8Cq.png,124x117
Vehicle Brand Logos,Mini,images/c1f7b33336a3f2cf7d8d6ae526d9389ab8d4f08c.png,masks/c1f7b33336a3f2cf7d8d6ae526d9389ab8d4f08c_Hr2rMHFtMZQiJe8mz.png,291x135
Vehicle Brand Logos,Volvo 1,images/d0127e19a461883cfd18ecd86597d0c3e6723f1b.png,masks/d0127e19a461883cfd18ecd86597d0c3e6723f1b_f9EjNdFhe2vzFYcBC.png,263x235
Vehicle Brand Logos,Volvo 1,images/a05c1186b88615a7ea24be23d8b115ce24632922.png,masks/a05c1186b88615a7ea24be23d8b115ce24632922_HDNzfBQnGkMegjDo4.png,152x166
Vehicle Brand Logos,Alfa Romeo,images/b161ec1933594752bed31399a92666f099476951.png,masks/b161ec1933594752bed31399a92666f099476951_DB9TDfqZsheaisKED.png,91x110
Vehicle Brand Logos,Daewoo 1,images/7e51245f484bbc0fc4d8410cb42b704f6beb2577.png,masks/7e51245f484bbc0fc4d8410cb42b704f6beb2577_yMWdHX2qFD5z4kxCF.png,179x76
Vehicle Brand Logos,Acura,images/da57a79b7abebfae68ddfed992fce5b8fe1e420c.png,masks/da57a79b7abebfae68ddfed992fce5b8fe1e420c_5Fh3Wxidq2PXLrepq.png,111x114
Vehicle Brand Logos,Tesla,images/8aedb38063236ed9122d5cbe855c5d299361f90c.png,masks/8aedb38063236ed9122d5cbe855c5d299361f90c_2dLBmudgxaaz9HboS.png,99x95
Vehicle Brand Logos,Acura,images/86d4f3c0a81a40d5b9c9ec08866b2ccd12e351be.png,masks/86d4f3c0a81a40d5b9c9ec08866b2ccd12e351be_mFE3sN3exTbjJfRJR.png,176x182
Vehicle Brand Logos,Volvo 1,images/aee931ce405d22c7ba18b9574e3078e441938a4b.png,masks/aee931ce405d22c7ba18b9574e3078e441938a4b_duCHDwbQbGCJcfptp.png,207x212
Vehicle Brand Logos,Land Rover,images/6afcfe1edd18f57339a5b832e7e6e7e04bba9d66.png,masks/6afcfe1edd18f57339a5b832e7e6e7e04bba9d66_ESK7PQpg9QtXvYfhd.png,215x100
Vehicle Brand Logos,Porsche,images/9e99cce2bede14fe64238db8bce0f991ef416775.png,masks/9e99cce2bede14fe64238db8bce0f991ef416775_WBHzbQgWWuqy76Fhd.png,101x106
Vehicle Brand Logos,Skoda 1,images/8cc9819e1741adbce24cf42097220fe504b4447c.png,masks/8cc9819e1741adbce24cf42097220fe504b4447c_LPPr2m6J2DDs5PL7f.png,224x226
Vehicle Brand Logos,Lexus,images/d2673d9d6598dc31064e99433382ac1b16974f5f.png,masks/d2673d9d6598dc31064e99433382ac1b16974f5f_d4hdjmnichsY4WRxR.png,253x171
Vehicle Brand Logos,Alfa Romeo,images/e9ede5847ac3b88f5a46a8c16dd911e78890e077.png,masks/e9ede5847ac3b88f5a46a8c16dd911e78890e077_kguizdKj7A9ZnyDbE.png,670x685
Vehicle Brand Logos,Smart 2,images/c4db65abd3b524733c6f6083a56b54456e20fc53.png,masks/c4db65abd3b524733c6f6083a56b54456e20fc53_YvJWyXdhKzxegyE6X.png,190x187
Vehicle Brand Logos,Skoda 1,images/39672a4907d59246cb708e100c9eb85155f80794.png,masks/39672a4907d59246cb708e100c9eb85155f80794_rj7LDJWagERD2wnpn.png,91x83
Vehicle Brand Logos,Acura,images/0aa5a789508cd718fc4cf044352375ed54080b5e.png,masks/0aa5a789508cd718fc4cf044352375ed54080b5e_DY5DYPJYWWhkAJNJB.png,97x114
Vehicle Brand Logos,Alfa Romeo,images/aed110077a35ca004ddca66bf979b6c675d33287.png,masks/aed110077a35ca004ddca66bf979b6c675d33287_t79McxK78qjKLNDFY.png,116x127
Vehicle Brand Logos,GMC,images/403e7881acee01e865e55185dbc90a7fb5746788.png,masks/403e7881acee01e865e55185dbc90a7fb5746788_erXqCgGAPcfgDRpSM.png,288x65
Vehicle Brand Logos,Lancia 1,images/28c5d1b1894b6dafc675912646ace8c54a1712cf.png,masks/28c5d1b1894b6dafc675912646ace8c54a1712cf_kjFRRHjzW79SxSkWm.png,129x124
Vehicle Brand Logos,Alfa Romeo,images/d0e288225bc66b7404ebf4423217341381a47470.png,masks/d0e288225bc66b7404ebf4423217341381a47470_6s6ErifjZDErh8FJP.png,125x132
Vehicle Brand Logos,Porsche,images/f69df65c43ebfae5fe6243ba3b916f3365c1b2a2.png,masks/f69df65c43ebfae5fe6243ba3b916f3365c1b2a2_HNQSk3bmak6PmmcoY.png,97x86
Vehicle Brand Logos,Acura,images/71e28d137abdedbceddc242c7904b4bb06deb52a.png,masks/71e28d137abdedbceddc242c7904b4bb06deb52a_3fSNCN7Kz4cPzbTXD.png,121x124
Vehicle Brand Logos,Mini,images/037691187de7c766d03c8d3249f0d74de768ee31.png,masks/037691187de7c766d03c8d3249f0d74de768ee31_ftiAbnwL29XCGrqfG.png,259x113
Vehicle Brand Logos,Land Rover,images/ae137990df7cd74ef24c1031638e39f560d5cb04.png,masks/ae137990df7cd74ef24c1031638e39f560d5cb04_WChYP3zTidDrRwdCG.png,89x56
Vehicle Brand Logos,Alfa Romeo,images/5ce4bb6b6836375ed1111dfc6f0e1ba125df4211.png,masks/5ce4bb6b6836375ed1111dfc6f0e1ba125df4211_HHWQT8L8ir2btukyx.png,171x175
Vehicle Brand Logos,Smart 2,images/231a0cb5b28adf290662c92d36e72c2e64ce8821.png,masks/231a0cb5b28adf290662c92d36e72c2e64ce8821_MZkzB8k5B22rEJwQf.png,166x149
Vehicle Brand Logos,Tesla,images/b73957f76775d6091d81e791740a9641e7b03b63.png,masks/b73957f76775d6091d81e791740a9641e7b03b63_S3SaDvDmqGqccQ94a.png,161x172
Vehicle Brand Logos,Tesla,images/bf3560d0f9da2ca2da31dbc49781e662be6d0f64.png,masks/bf3560d0f9da2ca2da31dbc49781e662be6d0f64_jipL3XonyPfrgNM8j.png,77x77
Vehicle Brand Logos,Land Rover,images/e46758b95eab691d30400487ea26e83b614d2076.png,masks/e46758b95eab691d30400487ea26e83b614d2076_X8qPCpxMmozHu54rb.png,154x88
Vehicle Brand Logos,Alfa Romeo,images/b9228b71e0c3be434f204c56a32eae092d37374b.png,masks/b9228b71e0c3be434f204c56a32eae092d37374b_v8w47GMhWvT4t95Mn.png,184x255
Vehicle Brand Logos,GMC,images/0a753c4d1bf4a2395ba91eea3ec78df96c030111.png,masks/0a753c4d1bf4a2395ba91eea3ec78df96c030111_jLQ7XR26AaYd3j33b.png,361x116
Vehicle Brand Logos,Alfa Romeo,images/75a3476b7250fbc56867f5df30f24b691f7b3458.png,masks/75a3476b7250fbc56867f5df30f24b691f7b3458_HcAwDvKnmu28iXKQv.png,81x90
Vehicle Brand Logos,Tesla,images/5e751b63f0029a1547c50ad90c0d496ac7c4efc7.png,masks/5e751b63f0029a1547c50ad90c0d496ac7c4efc7_P8F2YSMPXtMgxBcoG.png,170x181
Vehicle Brand Logos,Volvo 1,images/b86c7b689bac251a558d1f19077155bc3ac642a0.png,masks/b86c7b689bac251a558d1f19077155bc3ac642a0_7kc3Jy8whRzWuz59y.png,312x316
Vehicle Brand Logos,Skoda 1,images/36ed8abfa77d07c4d3af277a4c54ceae5e481df8.png,masks/36ed8abfa77d07c4d3af277a4c54ceae5e481df8_bDKsYxtiik94yJQDy.png,131x119
Vehicle Brand Logos,Skoda 1,images/c8c71a5e689a49942459d3841bee3e54de6aaeaf.png,masks/c8c71a5e689a49942459d3841bee3e54de6aaeaf_jzLae4cuTkJcRX9TJ.png,80x78
Vehicle Brand Logos,GMC,images/5ea4782e5482ef93e09080c3e5fb62a819176fd2.png,masks/5ea4782e5482ef93e09080c3e5fb62a819176fd2_xFc7Cu6sxMwuY6NC9.png,243x82
Vehicle Brand Logos,Porsche,images/7385486fc7fdd48f539a245a85fb4ce7e9c64e72.png,masks/7385486fc7fdd48f539a245a85fb4ce7e9c64e72_qT3B6hSCsmvBZfAmp.png,97x103
Vehicle Brand Logos,Volvo 1,images/2191bd53da89910c377fa6a8b40fb1776c70eb68.png,masks/2191bd53da89910c377fa6a8b40fb1776c70eb68_H2bwJtNfcduyZ9QSH.png,287x264
Vehicle Brand Logos,Chevrolet 2,images/629bdcf8e7857437df21a408d832b35f1031b7bd.png,masks/629bdcf8e7857437df21a408d832b35f1031b7bd_Bqz5jZwacHSqYx6of.png,158x84
Vehicle Brand Logos,Chevrolet 2,images/0b7f9b885018b1dbe4d485279f396d2e1b72d6d8.png,masks/0b7f9b885018b1dbe4d485279f396d2e1b72d6d8_aQR6iBhftsqZ9W5gD.png,314x146
Vehicle Brand Logos,Acura,images/230b5d0afff43f5905f1d153a223eeaafb195ac8.png,masks/230b5d0afff43f5905f1d153a223eeaafb195ac8_GqRBLWmyADWoPktQK.png,147x142
Vehicle Brand Logos,Alfa Romeo,images/b571b40f43ba58b6fd44d1e9ed7801d3ab32f73c.png,masks/b571b40f43ba58b6fd44d1e9ed7801d3ab32f73c_MTx6Ggr3uXDTsPG7G.png,71x73
Vehicle Brand Logos,Alfa Romeo,images/00d1b8a2b1e9acb0db1dcaa962e47ef0184f9d6e.png,masks/00d1b8a2b1e9acb0db1dcaa962e47ef0184f9d6e_a4E7wkRzACKAmxNj7.png,97x103
Vehicle Brand Logos,BMW,images/bb798c8c21bb24fc0503923e9c11b93f213c67a0.png,masks/bb798c8c21bb24fc0503923e9c11b93f213c67a0_FsK84yWrzKuRi9RqW.png,89x103
Vehicle Brand Logos,Alfa Romeo,images/ee1aa61dd3de3b8d255d929c6a9c8f33f494dc51.png,masks/ee1aa61dd3de3b8d255d929c6a9c8f33f494dc51_fL4ePGCBvYKpdwHJn.png,86x107
Vehicle Brand Logos,Smart 2,images/6453b9dd0d1a9b2abbdd3ba8c82445dec6582407.png,masks/6453b9dd0d1a9b2abbdd3ba8c82445dec6582407_doiDfFDYgQfH2QMQq.png,86x72
Vehicle Brand Logos,BMW,images/9bbb37b982fb8142000c0f745fa576a8bca86523.png,masks/9bbb37b982fb8142000c0f745fa576a8bca86523_3eNArP4kJNi7pKkQc.png,60x68
Vehicle Brand Logos,Peugeot,images/1e4ce9881998f3d79b6c8a4b522716369428f4d7.png,masks/1e4ce9881998f3d79b6c8a4b522716369428f4d7_rrdNc24oKCT7vNdwL.png,52x65
Vehicle Brand Logos,Volvo 1,images/30e47cb59208e9e5e3cd14dc9e3530f695104fb2.png,masks/30e47cb59208e9e5e3cd14dc9e3530f695104fb2_Lc74mza6rRBpYrxHG.png,220x197
Vehicle Brand Logos,GMC,images/c96f958156c1083e665f253afe762b24a4ccfaff.png,masks/c96f958156c1083e665f253afe762b24a4ccfaff_JhysknEdFwTv5MQpR.png,474x180
Vehicle Brand Logos,BMW,images/45517530c77608ca1ad3fae80a11bd942b060290.png,masks/45517530c77608ca1ad3fae80a11bd942b060290_TQQ8t9PaABXg5ALef.png,121x133
Vehicle Brand Logos,Peugeot,images/b6e36072274017acfaea036a989cd42fe6d04cf8.png,masks/b6e36072274017acfaea036a989cd42fe6d04cf8_WWGttusCuRs8brjvk.png,97x109
Vehicle Brand Logos,Land Rover,images/271aad7a1144bdf100465bb36850c57487416efd.png,masks/271aad7a1144bdf100465bb36850c57487416efd_f9ysxo9fqqXwuE5Pb.png,160x93
Vehicle Brand Logos,Lancia 1,images/8d54626867894e9eac7a898afd4aabe1f23917be.png,masks/8d54626867894e9eac7a898afd4aabe1f23917be_gozBY78CZyFAvN7cG.png,118x110
Vehicle Brand Logos,Land Rover,images/e019dec4d5b240243604c2fa06789465d0276e98.png,masks/e019dec4d5b240243604c2fa06789465d0276e98_e3GZR9nfQdoEYyPRK.png,127x82
Vehicle Brand Logos,Daewoo 1,images/0ced7e98ebba28f41cee1dc8455444862ebaa56b.png,masks/0ced7e98ebba28f41cee1dc8455444862ebaa56b_48MT3tN3hJGFcD2gZ.png,98x32
Vehicle Brand Logos,Smart 2,images/380e1146477cf024ce796a55be06237a24334a20.png,masks/380e1146477cf024ce796a55be06237a24334a20_CP3vxwT2ooMWs6wbW.png,200x207
Vehicle Brand Logos,BMW,images/ce8c1e21b4da0b94fd17724f87b1e86e3acbf182.png,masks/ce8c1e21b4da0b94fd17724f87b1e86e3acbf182_HXrhF6ey4P77bMMWT.png,96x95
Vehicle Brand Logos,Volvo 1,images/51de19b92e58d98e14a7f125f112fe758e8f17c8.png,masks/51de19b92e58d98e14a7f125f112fe758e8f17c8_iQcEGMabvKaLaWXkn.png,227x205
Vehicle Brand Logos,Daewoo 1,images/043d7085b7fa405aaa37b04d7549c5e99cfaf95c.png,masks/043d7085b7fa405aaa37b04d7549c5e99cfaf95c_fJZtQjbi7YzeWhe2j.png,183x68
Vehicle Brand Logos,Porsche,images/6a98d9acc9fb3721546d82dcf131aaee8683f425.png,masks/6a98d9acc9fb3721546d82dcf131aaee8683f425_KB4Jm69uLafS8v3rJ.png,136x123
Vehicle Brand Logos,Porsche,images/9a50652a841e2294c54e872fde8640c2d910d16c.png,masks/9a50652a841e2294c54e872fde8640c2d910d16c_Ki78YQZNHeN4pqFGw.png,111x100
Vehicle Brand Logos,Daewoo 1,images/a98783af0be853b81dbeb8a4d702ac73d9949b8f.png,masks/a98783af0be853b81dbeb8a4d702ac73d9949b8f_Dr6bywYTkzWvKLYJo.png,160x66
Vehicle Brand Logos,Mini,images/604e1130c00e0aab43b2fce90586732f585fcf58.png,masks/604e1130c00e0aab43b2fce90586732f585fcf58_c2ycokDheTPepzdgj.png,142x69
Vehicle Brand Logos,Daewoo 1,images/19576f7798bea4ab20a0c32d77012a57c1488dea.png,masks/19576f7798bea4ab20a0c32d77012a57c1488dea_MkAxN5pBBMWDebT2n.png,112x68
Vehicle Brand Logos,GMC,images/2c016e61a6292df1ad03c6d659473f0a36e02b0e.png,masks/2c016e61a6292df1ad03c6d659473f0a36e02b0e_4ih5gBFQQys95LyTj.png,408x106
Vehicle Brand Logos,Volvo 1,images/e4e2509005c6e5791d47b95729377f329abeafbd.png,masks/e4e2509005c6e5791d47b95729377f329abeafbd_Trrdne8PRHgp7KHCn.png,221x208
Vehicle Brand Logos,Alfa Romeo,images/463c8ac4941cec41c35ed2764ceb29e2ffd7c49e.png,masks/463c8ac4941cec41c35ed2764ceb29e2ffd7c49e_meTJTZJvb3o5tJ9Mu.png,148x150
Vehicle Brand Logos,Peugeot,images/263fc2fc2dfd8f532296a4d7ca51aebd9ca0fdd6.png,masks/263fc2fc2dfd8f532296a4d7ca51aebd9ca0fdd6_imtLSdLhkXk7MBxfo.png,65x90
Vehicle Brand Logos,Peugeot,images/ba9346a8ce96eff5adb158510d3a3ab07d0d417f.png,masks/ba9346a8ce96eff5adb158510d3a3ab07d0d417f_sgHxXXm7igMrWNRDA.png,188x172
Vehicle Brand Logos,Mini,images/4a3a4c234583c78880c6e99ff8ea04757474dad5.png,masks/4a3a4c234583c78880c6e99ff8ea04757474dad5_YMRm5okW2zZJD4JLG.png,189x75
Vehicle Brand Logos,Smart 2,images/604298401336966d628d1c350c09dcd4b4540a35.png,masks/604298401336966d628d1c350c09dcd4b4540a35_FhigKx5NDfv7MTg3a.png,137x148
Vehicle Brand Logos,BMW,images/9a697d65b7bbc6af593209bc645f82feaf369c30.png,masks/9a697d65b7bbc6af593209bc645f82feaf369c30_884Bwz8pZjvt8ubPW.png,107x144
Vehicle Brand Logos,Daewoo 1,images/473fd9dc8b80b4c953826833b8854cb985f4870e.png,masks/473fd9dc8b80b4c953826833b8854cb985f4870e_cngoEswQGJbsWpmtG.png,190x72
Vehicle Brand Logos,Lancia 1,images/8eb54285fd60d615b645e71b86143e8e93f5b213.png,masks/8eb54285fd60d615b645e71b86143e8e93f5b213_GN64mM7qpaq5onERA.png,141x141
Vehicle Brand Logos,Daewoo 1,images/815f6352c4a8a7b75790b617296df1c1baa1482d.png,masks/815f6352c4a8a7b75790b617296df1c1baa1482d_wT6w2PuYL28ZGD6DQ.png,120x51
Vehicle Brand Logos,Peugeot,images/978de701a235f5082d42c2dba401c3b33ddba48d.png,masks/978de701a235f5082d42c2dba401c3b33ddba48d_RhairzQAo9cJEiZu4.png,145x154
Vehicle Brand Logos,Daewoo 1,images/ad3ab8cda7ef345d2a51367e363dd29730501fe6.png,masks/ad3ab8cda7ef345d2a51367e363dd29730501fe6_MB4Wwvu6HgnCYoaBG.png,133x66
Vehicle Brand Logos,BMW,images/30f1cb61b9d42035eca25cd45a93a9068404b9e6.png,masks/30f1cb61b9d42035eca25cd45a93a9068404b9e6_jdTWkM5BP3yyW8ke5.png,108x93
Vehicle Brand Logos,GMC,images/2fc51e64427a2500fc667f62c85d4e8be6fceecb.png,masks/2fc51e64427a2500fc667f62c85d4e8be6fceecb_yCsbNRYjbDNnB3pJi.png,154x38
Vehicle Brand Logos,Acura,images/f881083f7ad69082dff2c1e88297e56c22562d7e.png,masks/f881083f7ad69082dff2c1e88297e56c22562d7e_qEeXdj45NPJDTA6pH.png,101x96
Vehicle Brand Logos,Skoda 1,images/ddfe00a9907b511001a6ab180f16b1afeb6c2f67.png,masks/ddfe00a9907b511001a6ab180f16b1afeb6c2f67_CZX5ZApC63aXCxKHh.png,97x92
Vehicle Brand Logos,BMW,images/b817c7dbd93d6ce911130f5ef3ca1660bbf713d4.png,masks/b817c7dbd93d6ce911130f5ef3ca1660bbf713d4_A8qE7mdcemmwTFdPR.png,115x104
Vehicle Brand Logos,Volvo 1,images/7ee8f7f38520d5674fb39a67b0d366b83e5bdff5.png,masks/7ee8f7f38520d5674fb39a67b0d366b83e5bdff5_Qouh5PQ3WGgSZGaZA.png,253x249
Vehicle Brand Logos,Volvo 1,images/6bd61adc2ef99321067697c996758380c2a9ceea.png,masks/6bd61adc2ef99321067697c996758380c2a9ceea_mqrktAJLWopGHFi7e.png,156x150
Vehicle Brand Logos,BMW,images/c0dd698ba8043f53bd29056208a79ecc2a5fddd6.png,masks/c0dd698ba8043f53bd29056208a79ecc2a5fddd6_hSp6sRmyKkWJcTLN5.png,318x322
Vehicle Brand Logos,Acura,images/c3703bd8f62b7dc8009921168d34143a33f004cd.png,masks/c3703bd8f62b7dc8009921168d34143a33f004cd_rFtWmRTGxNAaPpgvo.png,182x173
Vehicle Brand Logos,BMW,images/41cd5cef1198ed2c93c8f8edd1accc135a4f5be0.png,masks/41cd5cef1198ed2c93c8f8edd1accc135a4f5be0_Y7rofTcYDFNxPpK6B.png,126x107
Vehicle Brand Logos,Peugeot,images/0df931ff57988c23a04c136e00a508e017204fb5.png,masks/0df931ff57988c23a04c136e00a508e017204fb5_jPyT5FB797ESGCZiJ.png,126x98
Vehicle Brand Logos,BMW,images/9753c6154d1a21559c35fc5fab6713fefbd34ecd.png,masks/9753c6154d1a21559c35fc5fab6713fefbd34ecd_r9Lr6E2ue4r8X2pz3.png,115x83
Vehicle Brand Logos,Porsche,images/579bc510f11a39fcab4cb2c68c4be31881a75f24.png,masks/579bc510f11a39fcab4cb2c68c4be31881a75f24_m5aXaM6HYjMRStpj9.png,118x121
Vehicle Brand Logos,BMW,images/e7e9891c642b13809f236151945450b8c5433437.png,masks/e7e9891c642b13809f236151945450b8c5433437_5mB8nnDCBwzQ2C8CR.png,163x167
Vehicle Brand Logos,Tesla,images/8231b1f37c79825fd641bcd8ec632fac13568b4f.png,masks/8231b1f37c79825fd641bcd8ec632fac13568b4f_CEC8dKqCbL3uPXrtw.png,113x117
Vehicle Brand Logos,Lancia 1,images/1380fed93542f07dbe0163351f642dd5cf652ef3.png,masks/1380fed93542f07dbe0163351f642dd5cf652ef3_ssbEH8BhonKoJBrEJ.png,160x155
Vehicle Brand Logos,Smart 2,images/940846f809b343b385870ff5e2d4e1bb1f8f80b3.png,masks/940846f809b343b385870ff5e2d4e1bb1f8f80b3_rBkb5gbqoT8xFRmH2.png,165x154
Vehicle Brand Logos,BMW,images/8e9a331d8e3ff9ada279798e11be96f6f48f42d7.png,masks/8e9a331d8e3ff9ada279798e11be96f6f48f42d7_7mrZJSjgTjnNo64i2.png,107x85
Vehicle Brand Logos,BMW,images/5c120cbf5654f4e1adc3adf69ee6dba91906af9e.png,masks/5c120cbf5654f4e1adc3adf69ee6dba91906af9e_whXhkTdjRFAkreLie.png,100x124
Vehicle Brand Logos,Peugeot,images/023868b16341b30eb619b8c473a13bfe03fdd29d.png,masks/023868b16341b30eb619b8c473a13bfe03fdd29d_7stYPHkgbTD8jcbpi.png,104x72
Vehicle Brand Logos,BMW,images/27c0f7d5473ea4ddf4218d3ac324806924460852.png,masks/27c0f7d5473ea4ddf4218d3ac324806924460852_DgsmRJKDEik7LPExc.png,107x124
Vehicle Brand Logos,Peugeot,images/0393404ce0b1792b6cca3d1b62951aee0fb6a870.png,masks/0393404ce0b1792b6cca3d1b62951aee0fb6a870_8X3uMF2avHyY6JZFG.png,141x157
Vehicle Brand Logos,BMW,images/d1d4062db107ea4cb4adc7685620ae782432b891.png,masks/d1d4062db107ea4cb4adc7685620ae782432b891_GeZ58AvaSKPMSx6od.png,150x121
Vehicle Brand Logos,Mini,images/1bc75ab869fdf98d6ee4cc0c2e065f23270c6920.png,masks/1bc75ab869fdf98d6ee4cc0c2e065f23270c6920_tQ8c6rXEg57WchNro.png,344x148
Vehicle Brand Logos,BMW,images/52edff3556f5cb0f65ecd88a0987b735f8b4491a.png,masks/52edff3556f5cb0f65ecd88a0987b735f8b4491a_GepWEPSJT66xJwMmK.png,187x184